,train_loss,best_val_loss,time_this_iter_s,done,training_iteration,trial_id,date,timestamp,time_total_s,pid,hostname,node_ip,time_since_restore,iterations_since_restore,config/batch_size,config/epochs,config/hidden_size,config/lr,config/num_features,config/num_layers,config/num_models,config/patience,logdir
47,-1.798055863,-1.390742462,22735.71907,FALSE,1,f341110b,2023-11-30_22-29-27,1701404967,22735.71907,111058,Slade-173477,10.2.219.10,22735.71907,1,1.214763216,500,99.70041352,0.0001,1,9.197036131,5,14.44872812,"/home/sgupta/WORK/Triplevel_transformer_model/baselines/hyperparameter_search/experiment_de_data2/train_de_f341110b_48_batch_size=1.2148,epochs=500,hidden_size=99.7004,lr=0.0001,num_features=1,num_layers=9.1970,num_models=5,pati_2023-11-30_15-54-53"
133,-1.308900189,-1.383806374,23246.36417,FALSE,1,b8006b2e,2023-12-01_02-11-25,1701418285,23246.36417,106655,Slade-173477,10.2.219.10,23246.36417,1,1.51033938,500,120.0350741,0.002188956,1,6.452538647,5,33.15834783,"/home/sgupta/WORK/Triplevel_transformer_model/baselines/hyperparameter_search/experiment_de_data2/train_de_b8006b2e_134_batch_size=1.5103,epochs=500,hidden_size=120.0351,lr=0.0022,num_features=1,num_layers=6.4525,num_models=5,pa_2023-11-30_19-37-34"
72,-1.220968199,-1.324491945,8626.177924,FALSE,1,a73fd6cf,2023-11-30_19-17-54,1701393474,8626.177924,108025,Slade-173477,10.2.219.10,8626.177924,1,1.861368048,500,99.37905536,0.000685076,1,9.330048515,5,13.56070736,"/home/sgupta/WORK/Triplevel_transformer_model/baselines/hyperparameter_search/experiment_de_data2/train_de_a73fd6cf_73_batch_size=1.8614,epochs=500,hidden_size=99.3791,lr=0.0007,num_features=1,num_layers=9.3300,num_models=5,pati_2023-11-30_16-53-41"
168,-1.177666187,-1.294485486,2964.254972,FALSE,1,df83b568,2023-11-30_22-26-54,1701404814,2964.254972,108169,Slade-173477,10.2.219.10,2964.254972,1,1.173332367,500,122.39747,0.005598014,1,2.521384901,5,9.069300128,"/home/sgupta/WORK/Triplevel_transformer_model/baselines/hyperparameter_search/experiment_de_data2/train_de_df83b568_169_batch_size=1.1733,epochs=500,hidden_size=122.3975,lr=0.0056,num_features=1,num_layers=2.5214,num_models=5,pa_2023-11-30_21-32-53"
108,-1.74036541,-1.26751352,11617.50322,FALSE,1,9ec0a0ee,2023-11-30_21-56-17,1701402977,11617.50322,106706,Slade-173477,10.2.219.10,11617.50322,1,1.570811798,500,7.46972773,0.005594745,1,2.751522635,5,37.02108194,"/home/sgupta/WORK/Triplevel_transformer_model/baselines/hyperparameter_search/experiment_de_data2/train_de_9ec0a0ee_109_batch_size=1.5708,epochs=500,hidden_size=7.4697,lr=0.0056,num_features=1,num_layers=2.7515,num_models=5,pati_2023-11-30_18-42-12"
69,-1.739632082,-1.170478559,22956.50707,FALSE,1,d5ebe156,2023-11-30_23-12-35,1701407555,22956.50707,110392,Slade-173477,10.2.219.10,22956.50707,1,1.159196444,500,12.19292491,0.007035493,1,6.926828758,5,34.93886611,"/home/sgupta/WORK/Triplevel_transformer_model/baselines/hyperparameter_search/experiment_de_data2/train_de_d5ebe156_70_batch_size=1.1592,epochs=500,hidden_size=12.1929,lr=0.0070,num_features=1,num_layers=6.9268,num_models=5,pati_2023-11-30_16-48-58"
177,-0.701549828,-1.15896412,4735.760371,FALSE,1,f37cedae,2023-11-30_23-20-14,1701408014,4735.760371,108876,Slade-173477,10.2.219.10,4735.760371,1,1.771305085,500,6.061491941,0.008029719,1,2.827347636,5,21.65173707,"/home/sgupta/WORK/Triplevel_transformer_model/baselines/hyperparameter_search/experiment_de_data2/train_de_f37cedae_178_batch_size=1.7713,epochs=500,hidden_size=6.0615,lr=0.0080,num_features=1,num_layers=2.8273,num_models=5,pati_2023-11-30_21-59-35"
111,-1.29644227,-1.010704619,29366.9995,FALSE,1,bb595190,2023-12-01_02-57-26,1701421046,29366.9995,111881,Slade-173477,10.2.219.10,29366.9995,1,1.629942446,500,67.94651206,0.002473455,1,9.592912529,5,46.26096968,"/home/sgupta/WORK/Triplevel_transformer_model/baselines/hyperparameter_search/experiment_de_data2/train_de_bb595190_112_batch_size=1.6299,epochs=500,hidden_size=67.9465,lr=0.0025,num_features=1,num_layers=9.5929,num_models=5,pat_2023-11-30_18-45-28"
45,-1.416202128,-0.955204581,21103.27807,FALSE,1,81b94610,2023-11-30_21-18-03,1701400683,21103.27807,112701,Slade-173477,10.2.219.10,21103.27807,1,1.228688959,500,99.6672491,0.002914437,1,9.613747548,5,12.97898469,"/home/sgupta/WORK/Triplevel_transformer_model/baselines/hyperparameter_search/experiment_de_data2/train_de_81b94610_46_batch_size=1.2287,epochs=500,hidden_size=99.6672,lr=0.0029,num_features=1,num_layers=9.6137,num_models=5,pati_2023-11-30_15-26-11"
136,-1.666675568,-0.798603148,753.2611129,FALSE,1,e484006d,2023-11-30_20-04-41,1701396281,753.2611129,26272,Slade-173477,10.2.219.10,753.2611129,1,1.82565195,500,48.83439367,0.003769161,1,6.195535307,5,1.690379876,"/home/sgupta/WORK/Triplevel_transformer_model/baselines/hyperparameter_search/experiment_de_data2/train_de_e484006d_137_batch_size=1.8257,epochs=500,hidden_size=48.8344,lr=0.0038,num_features=1,num_layers=6.1955,num_models=5,pat_2023-11-30_19-49-43"
196,-1.501555511,-0.466885228,1938.421537,FALSE,1,79198941,2023-11-30_23-10-28,1701407428,1938.421537,111934,Slade-173477,10.2.219.10,1938.421537,1,1.922918916,500,122.1642092,0.021005773,1,2.705022628,5,9.003797049,"/home/sgupta/WORK/Triplevel_transformer_model/baselines/hyperparameter_search/experiment_de_data2/train_de_79198941_197_batch_size=1.9229,epochs=500,hidden_size=122.1642,lr=0.0210,num_features=1,num_layers=2.7050,num_models=5,pa_2023-11-30_22-34-25"
180,-0.474453062,-0.38836576,991.9716268,FALSE,1,fc2ba960,2023-11-30_22-31-10,1701405070,991.9716268,111158,Slade-173477,10.2.219.10,991.9716268,1,1.729355238,500,49.76040599,0.00593002,1,6.113724317,5,1.313657399,"/home/sgupta/WORK/Triplevel_transformer_model/baselines/hyperparameter_search/experiment_de_data2/train_de_fc2ba960_181_batch_size=1.7294,epochs=500,hidden_size=49.7604,lr=0.0059,num_features=1,num_layers=6.1137,num_models=5,pat_2023-11-30_22-11-44"
143,-0.229040647,0.00229363,6107.489116,FALSE,1,cd055d4f,2023-11-30_21-49-41,1701402581,6107.489116,108122,Slade-173477,10.2.219.10,6107.489116,1,1.330913024,500,114.7728633,0.012457327,1,4.874077628,5,23.20805045,"/home/sgupta/WORK/Triplevel_transformer_model/baselines/hyperparameter_search/experiment_de_data2/train_de_cd055d4f_144_batch_size=1.3309,epochs=500,hidden_size=114.7729,lr=0.0125,num_features=1,num_layers=4.8741,num_models=5,pa_2023-11-30_20-04-41"
8,-0.575934649,0.039620383,7904.369397,FALSE,1,7e554a30,2023-11-30_15-21-40,1701379300,7904.369397,27719,Slade-173477,10.2.219.10,7904.369397,1,1.24407647,500,99.54020511,0.003535413,1,9.274563217,5,13.6802191,"/home/sgupta/WORK/Triplevel_transformer_model/baselines/hyperparameter_search/experiment_de_data2/train_de_7e554a30_9_batch_size=1.2441,epochs=500,hidden_size=99.5402,lr=0.0035,num_features=1,num_layers=9.2746,num_models=5,patie_2023-11-30_13-09-52"
131,-0.215932101,0.050515946,10118.39905,FALSE,1,a2c0818e,2023-11-30_22-26-10,1701404770,10118.39905,111111,Slade-173477,10.2.219.10,10118.39905,1,1.549624548,500,12.48873035,0.012731051,1,6.124779496,5,35.86272459,"/home/sgupta/WORK/Triplevel_transformer_model/baselines/hyperparameter_search/experiment_de_data2/train_de_a2c0818e_132_batch_size=1.5496,epochs=500,hidden_size=12.4887,lr=0.0127,num_features=1,num_layers=6.1248,num_models=5,pat_2023-11-30_19-34-03"
120,-0.5944291,0.06548408,12255.66231,FALSE,1,3205c0f4,2023-11-30_22-30-53,1701405053,12255.66231,109634,Slade-173477,10.2.219.10,12255.66231,1,2.346144795,500,196.4910614,0.006967794,1,3.744463691,5,33.89197616,"/home/sgupta/WORK/Triplevel_transformer_model/baselines/hyperparameter_search/experiment_de_data2/train_de_3205c0f4_121_batch_size=2.3461,epochs=500,hidden_size=196.4911,lr=0.0070,num_features=1,num_layers=3.7445,num_models=5,pa_2023-11-30_19-03-34"
119,-1.05221194,0.069726247,1755.273251,FALSE,1,d0f25849,2023-11-30_19-32-49,1701394369,1755.273251,111934,Slade-173477,10.2.219.10,1755.273251,1,1.324689244,500,122.6840864,0.038999881,1,2.549224577,5,9.051130333,"/home/sgupta/WORK/Triplevel_transformer_model/baselines/hyperparameter_search/experiment_de_data2/train_de_d0f25849_120_batch_size=1.3247,epochs=500,hidden_size=122.6841,lr=0.0390,num_features=1,num_layers=2.5492,num_models=5,pa_2023-11-30_19-00-10"
116,1.93609395,0.070856448,5743.035141,FALSE,1,5bb505b1,2023-11-30_20-34-36,1701398076,5743.035141,111158,Slade-173477,10.2.219.10,5743.035141,1,2.177485418,500,49.54268164,0.00080401,1,3.177929514,5,37.84303034,"/home/sgupta/WORK/Triplevel_transformer_model/baselines/hyperparameter_search/experiment_de_data2/train_de_5bb505b1_117_batch_size=2.1775,epochs=500,hidden_size=49.5427,lr=0.0008,num_features=1,num_layers=3.1779,num_models=5,pat_2023-11-30_18-57-54"
117,1.553033876,0.07541908,11529.32356,FALSE,1,e9b84090,2023-11-30_22-11-44,1701403904,11529.32356,106145,Slade-173477,10.2.219.10,11529.32356,1,2.776026939,500,113.4384666,0.000585973,1,7.272556978,5,32.86635166,"/home/sgupta/WORK/Triplevel_transformer_model/baselines/hyperparameter_search/experiment_de_data2/train_de_e9b84090_118_batch_size=2.7760,epochs=500,hidden_size=113.4385,lr=0.0006,num_features=1,num_layers=7.2726,num_models=5,pa_2023-11-30_18-58-54"
172,0.032262513,0.078652113,6124.878656,FALSE,1,1ad0bce6,2023-11-30_23-32-54,1701408774,6124.878656,112363,Slade-173477,10.2.219.10,6124.878656,1,2.405301945,500,35.14315661,0.003052052,1,8.741589204,5,32.60298792,"/home/sgupta/WORK/Triplevel_transformer_model/baselines/hyperparameter_search/experiment_de_data2/train_de_1ad0bce6_173_batch_size=2.4053,epochs=500,hidden_size=35.1432,lr=0.0031,num_features=1,num_layers=8.7416,num_models=5,pat_2023-11-30_21-49-41"
194,-0.477804279,0.081958251,1110.032285,FALSE,1,f0939751,2023-11-30_22-51-23,1701406283,1110.032285,112645,Slade-173477,10.2.219.10,1110.032285,1,2.462076815,500,110.0097702,0.003010911,1,2.571164418,5,7.711805943,"/home/sgupta/WORK/Triplevel_transformer_model/baselines/hyperparameter_search/experiment_de_data2/train_de_f0939751_195_batch_size=2.4621,epochs=500,hidden_size=110.0098,lr=0.0030,num_features=1,num_layers=2.5712,num_models=5,pa_2023-11-30_22-32-29"
153,-0.649178195,0.083196467,5814.971745,FALSE,1,6c8f7e85,2023-11-30_22-32-29,1701405149,5814.971745,111934,Slade-173477,10.2.219.10,5814.971745,1,2.281867111,500,85.7702473,0.017004439,1,2.867363292,5,49.20870371,"/home/sgupta/WORK/Triplevel_transformer_model/baselines/hyperparameter_search/experiment_de_data2/train_de_6c8f7e85_154_batch_size=2.2819,epochs=500,hidden_size=85.7702,lr=0.0170,num_features=1,num_layers=2.8674,num_models=5,pat_2023-11-30_20-53-38"
189,-0.324109823,0.08421878,3333.56226,FALSE,1,3e22feeb,2023-11-30_23-25-01,1701408301,3333.56226,111058,Slade-173477,10.2.219.10,3333.56226,1,2.045160959,500,7.370128919,0.002037743,1,3.634991938,5,37.64510651,"/home/sgupta/WORK/Triplevel_transformer_model/baselines/hyperparameter_search/experiment_de_data2/train_de_3e22feeb_190_batch_size=2.0452,epochs=500,hidden_size=7.3701,lr=0.0020,num_features=1,num_layers=3.6350,num_models=5,pati_2023-11-30_22-26-54"
197,-0.416240734,0.092589464,808.3047464,FALSE,1,9af57d58,2023-11-30_22-52-13,1701406333,808.3047464,108025,Slade-173477,10.2.219.10,808.3047464,1,2.743894092,500,34.67251863,0.003083029,1,2.83508758,5,13.51368692,"/home/sgupta/WORK/Triplevel_transformer_model/baselines/hyperparameter_search/experiment_de_data2/train_de_9af57d58_198_batch_size=2.7439,epochs=500,hidden_size=34.6725,lr=0.0031,num_features=1,num_layers=2.8351,num_models=5,pat_2023-11-30_22-38-09"
190,-0.605478323,0.094098705,1370.128917,FALSE,1,654b4e36,2023-11-30_22-53-31,1701406411,1370.128917,109398,Slade-173477,10.2.219.10,1370.128917,1,2.241848061,500,19.3952581,0.004289992,1,5.391938386,5,17.25986563,"/home/sgupta/WORK/Triplevel_transformer_model/baselines/hyperparameter_search/experiment_de_data2/train_de_654b4e36_191_batch_size=2.2418,epochs=500,hidden_size=19.3953,lr=0.0043,num_features=1,num_layers=5.3919,num_models=5,pat_2023-11-30_22-29-27"
158,-0.323450199,0.097941769,1948.412783,FALSE,1,24193f27,2023-11-30_21-46-44,1701402404,1948.412783,112363,Slade-173477,10.2.219.10,1948.412783,1,2.442101277,500,67.60052103,0.019304765,1,2.123347603,5,22.02578312,"/home/sgupta/WORK/Triplevel_transformer_model/baselines/hyperparameter_search/experiment_de_data2/train_de_24193f27_159_batch_size=2.4421,epochs=500,hidden_size=67.6005,lr=0.0193,num_features=1,num_layers=2.1233,num_models=5,pat_2023-11-30_21-14-08"
110,0.284645975,0.09948027,2914.553333,FALSE,1,cbae822a,2023-11-30_19-34-03,1701394443,2914.553333,110448,Slade-173477,10.2.219.10,2914.553333,1,2.488309938,500,68.07148114,0.012224599,1,2.368419222,5,21.3925748,"/home/sgupta/WORK/Triplevel_transformer_model/baselines/hyperparameter_search/experiment_de_data2/train_de_cbae822a_111_batch_size=2.4883,epochs=500,hidden_size=68.0715,lr=0.0122,num_features=1,num_layers=2.3684,num_models=5,pat_2023-11-30_18-45-28"
155,-0.440833503,0.103195485,1546.305432,FALSE,1,b626c12a,2023-11-30_21-32-51,1701401571,1546.305432,108069,Slade-173477,10.2.219.10,1546.305432,1,2.651099305,500,68.0331191,0.006938304,1,2.342642091,5,22.0570805,"/home/sgupta/WORK/Triplevel_transformer_model/baselines/hyperparameter_search/experiment_de_data2/train_de_b626c12a_156_batch_size=2.6511,epochs=500,hidden_size=68.0331,lr=0.0069,num_features=1,num_layers=2.3426,num_models=5,pat_2023-11-30_21-06-04"
95,-0.595999187,0.139226976,3329.112334,FALSE,1,e3f42476,2023-11-30_18-51-35,1701391895,3329.112334,109681,Slade-173477,10.2.219.10,3329.112334,1,1.69585863,500,117.1192898,0.048926787,1,2.287485692,5,8.669540916,"/home/sgupta/WORK/Triplevel_transformer_model/baselines/hyperparameter_search/experiment_de_data2/train_de_e3f42476_96_batch_size=1.6959,epochs=500,hidden_size=117.1193,lr=0.0489,num_features=1,num_layers=2.2875,num_models=5,pat_2023-11-30_17-56-05"
166,-0.477786958,0.153391844,1423.741358,FALSE,1,bc2c0d36,2023-11-30_21-56-35,1701402995,1423.741358,108069,Slade-173477,10.2.219.10,1423.741358,1,1.365672833,500,122.025811,0.075728417,1,2.662667825,5,9.453746457,"/home/sgupta/WORK/Triplevel_transformer_model/baselines/hyperparameter_search/experiment_de_data2/train_de_bc2c0d36_167_batch_size=1.3657,epochs=500,hidden_size=122.0258,lr=0.0757,num_features=1,num_layers=2.6627,num_models=5,pa_2023-11-30_21-29-48"
1,-0.468361527,0.15466884,5630.7077,FALSE,1,6169cc5e,2023-11-30_14-43-26,1701377006,5630.7077,25469,Slade-173477,10.2.219.10,5630.7077,1,1.311989041,500,12.55863882,0.086630997,1,6.808920094,5,35.69555631,"/home/sgupta/WORK/Triplevel_transformer_model/baselines/hyperparameter_search/experiment_de_data2/train_de_6169cc5e_2_batch_size=1.3120,epochs=500,hidden_size=12.5586,lr=0.0866,num_features=1,num_layers=6.8089,num_models=5,patie_2023-11-30_13-09-33"
150,-0.071360692,0.155822045,6001.843945,FALSE,1,bce986de,2023-11-30_22-14-38,1701404078,6001.843945,111158,Slade-173477,10.2.219.10,6001.843945,1,2.064138503,500,131.8092841,0.080374032,1,3.445990079,5,42.76509997,"/home/sgupta/WORK/Triplevel_transformer_model/baselines/hyperparameter_search/experiment_de_data2/train_de_bce986de_151_batch_size=2.0641,epochs=500,hidden_size=131.8093,lr=0.0804,num_features=1,num_layers=3.4460,num_models=5,pa_2023-11-30_20-34-08"
96,-0.364396518,0.161603847,848.504415,FALSE,1,9d5c8546,2023-11-30_18-12-00,1701389520,848.504415,109398,Slade-173477,10.2.219.10,848.504415,1,2.28730331,500,117.0316871,0.0289833,1,2.387580427,5,8.488102643,"/home/sgupta/WORK/Triplevel_transformer_model/baselines/hyperparameter_search/experiment_de_data2/train_de_9d5c8546_97_batch_size=2.2873,epochs=500,hidden_size=117.0317,lr=0.0290,num_features=1,num_layers=2.3876,num_models=5,pat_2023-11-30_17-56-06"
115,4.954984665,0.161628965,2811.553426,FALSE,1,77a2775a,2023-11-30_19-44-45,1701395085,2811.553426,109578,Slade-173477,10.2.219.10,2811.553426,1,2.490207484,500,73.62373509,0.079271758,1,7.734484207,5,12.50126856,"/home/sgupta/WORK/Triplevel_transformer_model/baselines/hyperparameter_search/experiment_de_data2/train_de_77a2775a_116_batch_size=2.4902,epochs=500,hidden_size=73.6237,lr=0.0793,num_features=1,num_layers=7.7345,num_models=5,pat_2023-11-30_18-55-07"
99,2.029864073,0.161899367,6215.641232,FALSE,1,41d2cc71,2023-11-30_19-53-19,1701395599,6215.641232,112363,Slade-173477,10.2.219.10,6215.641232,1,1.955878338,500,15.03615204,0.075074624,1,2.679282958,5,45.46035832,"/home/sgupta/WORK/Triplevel_transformer_model/baselines/hyperparameter_search/experiment_de_data2/train_de_41d2cc71_100_batch_size=1.9559,epochs=500,hidden_size=15.0362,lr=0.0751,num_features=1,num_layers=2.6793,num_models=5,pat_2023-11-30_18-00-29"
123,-0.427268773,0.162045287,13129.89715,FALSE,1,a0a2e6f5,2023-11-30_22-51-47,1701406307,13129.89715,110292,Slade-173477,10.2.219.10,13129.89715,1,1.722616073,500,13.45737578,0.04908188,1,6.154390722,5,46.16961399,"/home/sgupta/WORK/Triplevel_transformer_model/baselines/hyperparameter_search/experiment_de_data2/train_de_a0a2e6f5_124_batch_size=1.7226,epochs=500,hidden_size=13.4574,lr=0.0491,num_features=1,num_layers=6.1544,num_models=5,pat_2023-11-30_19-11-41"
195,-0.439697921,0.164408466,5605.505192,FALSE,1,d2d8012e,2023-12-01_00-07-50,1701410870,5605.505192,106145,Slade-173477,10.2.219.10,5605.505192,1,1.647345197,500,7.888477413,0.051155494,1,2.207618267,5,37.31160775,"/home/sgupta/WORK/Triplevel_transformer_model/baselines/hyperparameter_search/experiment_de_data2/train_de_d2d8012e_196_batch_size=1.6473,epochs=500,hidden_size=7.8885,lr=0.0512,num_features=1,num_layers=2.2076,num_models=5,pati_2023-11-30_22-32-53"
78,-0.529972017,0.164554036,5961.816866,FALSE,1,45a76fcb,2023-11-30_18-59-35,1701392375,5961.816866,106145,Slade-173477,10.2.219.10,5961.816866,1,1.806674372,500,61.59695329,0.093090679,1,4.966873105,5,14.57185263,"/home/sgupta/WORK/Triplevel_transformer_model/baselines/hyperparameter_search/experiment_de_data2/train_de_45a76fcb_79_batch_size=1.8067,epochs=500,hidden_size=61.5970,lr=0.0931,num_features=1,num_layers=4.9669,num_models=5,pati_2023-11-30_17-19-30"
86,0.010165542,0.165962878,2116.481897,FALSE,1,a1f1deee,2023-11-30_18-09-44,1701389384,2116.481897,112363,Slade-173477,10.2.219.10,2116.481897,1,1.455307522,500,62.29689115,0.081642466,1,6.347120926,5,6.764065429,"/home/sgupta/WORK/Triplevel_transformer_model/baselines/hyperparameter_search/experiment_de_data2/train_de_a1f1deee_87_batch_size=1.4553,epochs=500,hidden_size=62.2969,lr=0.0816,num_features=1,num_layers=6.3471,num_models=5,pati_2023-11-30_17-34-21"
22,1.050894737,0.166224811,5153.932402,FALSE,1,9d2881ec,2023-11-30_16-48-58,1701384538,5153.932402,108169,Slade-173477,10.2.219.10,5153.932402,1,1,500,108.9018522,0.076701527,1,4.683083834,5,12.37551976,"/home/sgupta/WORK/Triplevel_transformer_model/baselines/hyperparameter_search/experiment_de_data2/train_de_9d2881ec_23_batch_size=1.0000,epochs=500,hidden_size=108.9019,lr=0.0767,num_features=1,num_layers=4.6831,num_models=5,pat_2023-11-30_15-22-57"
167,0.302192569,0.169523035,8463.564954,FALSE,1,c44cd55b,2023-11-30_23-53-56,1701410036,8463.564954,109681,Slade-173477,10.2.219.10,8463.564954,1,1.180203679,500,100.6040032,0.041546225,1,9.67987764,5,12.32965248,"/home/sgupta/WORK/Triplevel_transformer_model/baselines/hyperparameter_search/experiment_de_data2/train_de_c44cd55b_168_batch_size=1.1802,epochs=500,hidden_size=100.6040,lr=0.0415,num_features=1,num_layers=9.6799,num_models=5,pa_2023-11-30_21-32-52"
80,-0.070268467,0.169856929,17611.17341,FALSE,1,c218becb,2023-11-30_22-19-20,1701404360,17611.17341,111214,Slade-173477,10.2.219.10,17611.17341,1,1.162827618,500,98.96404311,0.051031707,1,9.891051299,5,12.86447992,"/home/sgupta/WORK/Triplevel_transformer_model/baselines/hyperparameter_search/experiment_de_data2/train_de_c218becb_81_batch_size=1.1628,epochs=500,hidden_size=98.9640,lr=0.0510,num_features=1,num_layers=9.8911,num_models=5,pati_2023-11-30_17-20-35"
135,-0.280293465,0.171007609,9218.983088,FALSE,1,686795b5,2023-11-30_22-23-22,1701404602,9218.983088,112645,Slade-173477,10.2.219.10,9218.983088,1,1.592639957,500,2.3055356,0.094436753,1,7.510282189,5,28.32571304,"/home/sgupta/WORK/Triplevel_transformer_model/baselines/hyperparameter_search/experiment_de_data2/train_de_686795b5_136_batch_size=1.5926,epochs=500,hidden_size=2.3055,lr=0.0944,num_features=1,num_layers=7.5103,num_models=5,pati_2023-11-30_19-44-45"
20,1.129567266,0.173463872,13041.15075,FALSE,1,a1f7943e,2023-11-30_19-00-10,1701392410,13041.15075,108069,Slade-173477,10.2.219.10,13041.15075,1,1.373157435,500,99.86055221,0.049464589,1,9.753397025,5,13.98456063,"/home/sgupta/WORK/Triplevel_transformer_model/baselines/hyperparameter_search/experiment_de_data2/train_de_a1f7943e_21_batch_size=1.3732,epochs=500,hidden_size=99.8606,lr=0.0495,num_features=1,num_layers=9.7534,num_models=5,pati_2023-11-30_15-22-42"
184,-0.163942769,0.173582665,8138.422841,FALSE,1,e6ee3a51,2023-12-01_00-35-30,1701412530,8138.422841,112701,Slade-173477,10.2.219.10,8138.422841,1,1.078712728,500,32.13295037,0.080444474,1,7.940844039,5,48.54344075,"/home/sgupta/WORK/Triplevel_transformer_model/baselines/hyperparameter_search/experiment_de_data2/train_de_e6ee3a51_185_batch_size=1.0787,epochs=500,hidden_size=32.1330,lr=0.0804,num_features=1,num_layers=7.9408,num_models=5,pat_2023-11-30_22-19-20"
11,-0.016801894,0.17371735,7105.098146,FALSE,1,42aa0211,2023-11-30_17-20-13,1701386413,7105.098146,106145,Slade-173477,10.2.219.10,7105.098146,1,1,500,109.3564357,0.05239441,1,6.057413712,5,11.6759944,"/home/sgupta/WORK/Triplevel_transformer_model/baselines/hyperparameter_search/experiment_de_data2/train_de_42aa0211_12_batch_size=1.0000,epochs=500,hidden_size=109.3564,lr=0.0524,num_features=1,num_layers=6.0574,num_models=5,pat_2023-11-30_15-21-42"
175,-0.51513046,0.174260474,5889.543367,FALSE,1,6afa47ba,2023-11-30_23-34-45,1701408885,5889.543367,108069,Slade-173477,10.2.219.10,5889.543367,1,1.486807082,500,8.114625209,0.063168446,1,3.658397422,5,38.00196654,"/home/sgupta/WORK/Triplevel_transformer_model/baselines/hyperparameter_search/experiment_de_data2/train_de_6afa47ba_176_batch_size=1.4868,epochs=500,hidden_size=8.1146,lr=0.0632,num_features=1,num_layers=3.6584,num_models=5,pati_2023-11-30_21-56-18"
97,-0.373231792,0.175718498,2771.114327,FALSE,1,e8a172b4,2023-11-30_18-45-28,1701391528,2771.114327,107432,Slade-173477,10.2.219.10,2771.114327,1,2.571696671,500,134.6035801,0.031079268,1,2.93737571,5,35.47888437,"/home/sgupta/WORK/Triplevel_transformer_model/baselines/hyperparameter_search/experiment_de_data2/train_de_e8a172b4_98_batch_size=2.5717,epochs=500,hidden_size=134.6036,lr=0.0311,num_features=1,num_layers=2.9374,num_models=5,pat_2023-11-30_17-57-52"
106,-0.446566999,0.17594225,5590.469133,FALSE,1,9a4531eb,2023-11-30_20-07-53,1701396473,5590.469133,108122,Slade-173477,10.2.219.10,5590.469133,1,1.18492903,500,87.91840072,0.058258116,1,6.097430793,5,13.74165667,"/home/sgupta/WORK/Triplevel_transformer_model/baselines/hyperparameter_search/experiment_de_data2/train_de_9a4531eb_107_batch_size=1.1849,epochs=500,hidden_size=87.9184,lr=0.0583,num_features=1,num_layers=6.0974,num_models=5,pat_2023-11-30_18-26-55"
71,-0.200641409,0.177113738,1613.30177,FALSE,1,e373a0aa,2023-11-30_17-20-35,1701386435,1613.30177,108776,Slade-173477,10.2.219.10,1613.30177,1,1.463220042,500,116.8616039,0.073944604,1,2.476045722,5,8.690508134,"/home/sgupta/WORK/Triplevel_transformer_model/baselines/hyperparameter_search/experiment_de_data2/train_de_e373a0aa_72_batch_size=1.4632,epochs=500,hidden_size=116.8616,lr=0.0739,num_features=1,num_layers=2.4760,num_models=5,pat_2023-11-30_16-53-39"
121,0.857946396,0.17726773,11116.44163,FALSE,1,96aa3614,2023-11-30_22-15-04,1701404104,11116.44163,112601,Slade-173477,10.2.219.10,11116.44163,1,2.05662824,500,125.3549799,0.034926702,1,9.444090404,5,24.94266691,"/home/sgupta/WORK/Triplevel_transformer_model/baselines/hyperparameter_search/experiment_de_data2/train_de_96aa3614_122_batch_size=2.0566,epochs=500,hidden_size=125.3550,lr=0.0349,num_features=1,num_layers=9.4441,num_models=5,pa_2023-11-30_19-06-38"
74,0.712076366,0.177462461,1999.627427,FALSE,1,3365a15a,2023-11-30_17-36-40,1701387400,1999.627427,107379,Slade-173477,10.2.219.10,1999.627427,1,2.633366599,500,32.67507576,0.082148585,1,7.543428612,5,14.60153103,"/home/sgupta/WORK/Triplevel_transformer_model/baselines/hyperparameter_search/experiment_de_data2/train_de_3365a15a_75_batch_size=2.6334,epochs=500,hidden_size=32.6751,lr=0.0821,num_features=1,num_layers=7.5434,num_models=5,pati_2023-11-30_16-59-26"
12,-0.311916649,0.177475856,5505.303235,FALSE,1,bc5d4e10,2023-11-30_16-53-39,1701384819,5505.303235,106605,Slade-173477,10.2.219.10,5505.303235,1,1,500,109.1146831,0.05585369,1,5.348111319,5,11.78495042,"/home/sgupta/WORK/Triplevel_transformer_model/baselines/hyperparameter_search/experiment_de_data2/train_de_bc5d4e10_13_batch_size=1.0000,epochs=500,hidden_size=109.1147,lr=0.0559,num_features=1,num_layers=5.3481,num_models=5,pat_2023-11-30_15-21-48"
61,-0.443638206,0.177961399,14153.36308,FALSE,1,9394ec8b,2023-11-30_20-27-10,1701397630,14153.36308,110340,Slade-173477,10.2.219.10,14153.36308,1,2.088901978,500,101.8013628,0.071347631,1,5.806653451,5,45.94177631,"/home/sgupta/WORK/Triplevel_transformer_model/baselines/hyperparameter_search/experiment_de_data2/train_de_9394ec8b_62_batch_size=2.0889,epochs=500,hidden_size=101.8014,lr=0.0713,num_features=1,num_layers=5.8067,num_models=5,pat_2023-11-30_16-30-19"
171,-0.112725735,0.179862844,5840.739587,FALSE,1,e62e4421,2023-11-30_23-27-01,1701408421,5840.739587,108122,Slade-173477,10.2.219.10,5840.739587,1,1.476340603,500,49.76608365,0.046991076,1,3.206041138,5,38.12741078,"/home/sgupta/WORK/Triplevel_transformer_model/baselines/hyperparameter_search/experiment_de_data2/train_de_e62e4421_172_batch_size=1.4763,epochs=500,hidden_size=49.7661,lr=0.0470,num_features=1,num_layers=3.2060,num_models=5,pat_2023-11-30_21-46-44"
79,-0.236219376,0.180041662,14458.4668,FALSE,1,e363bbf3,2023-11-30_21-21-33,1701400893,14458.4668,108776,Slade-173477,10.2.219.10,14458.4668,1,1.295098664,500,32.78302927,0.02344429,1,9.842648598,5,35.59142398,"/home/sgupta/WORK/Triplevel_transformer_model/baselines/hyperparameter_search/experiment_de_data2/train_de_e363bbf3_80_batch_size=1.2951,epochs=500,hidden_size=32.7830,lr=0.0234,num_features=1,num_layers=9.8426,num_models=5,pati_2023-11-30_17-20-13"
98,-0.022793859,0.180505191,4347.683297,FALSE,1,543b5e31,2023-11-30_19-12-57,1701393177,4347.683297,110292,Slade-173477,10.2.219.10,4347.683297,1,2.824224138,500,36.67850536,0.074355227,1,7.607955392,5,21.09310982,"/home/sgupta/WORK/Triplevel_transformer_model/baselines/hyperparameter_search/experiment_de_data2/train_de_543b5e31_99_batch_size=2.8242,epochs=500,hidden_size=36.6785,lr=0.0744,num_features=1,num_layers=7.6080,num_models=5,pati_2023-11-30_17-59-17"
182,0.018668979,0.180593843,5297.327083,FALSE,1,3b66d014,2023-11-30_23-45-46,1701409546,5297.327083,107432,Slade-173477,10.2.219.10,5297.327083,1,1.347130264,500,105.5040264,0.052707567,1,5.284025729,5,28.70618543,"/home/sgupta/WORK/Triplevel_transformer_model/baselines/hyperparameter_search/experiment_de_data2/train_de_3b66d014_183_batch_size=1.3471,epochs=500,hidden_size=105.5040,lr=0.0527,num_features=1,num_layers=5.2840,num_models=5,pa_2023-11-30_22-15-04"
186,-0.25507772,0.181702532,3882.453252,FALSE,1,8fe92b9b,2023-11-30_23-30-52,1701408652,3882.453252,108823,Slade-173477,10.2.219.10,3882.453252,1,1.922887011,500,7.081123691,0.051745926,1,2.096789522,5,37.59704779,"/home/sgupta/WORK/Triplevel_transformer_model/baselines/hyperparameter_search/experiment_de_data2/train_de_8fe92b9b_187_batch_size=1.9229,epochs=500,hidden_size=7.0811,lr=0.0517,num_features=1,num_layers=2.0968,num_models=5,pati_2023-11-30_22-23-22"
132,-0.265624166,0.18340565,6733.429008,FALSE,1,1f113ed0,2023-11-30_21-29-47,1701401387,6733.429008,106605,Slade-173477,10.2.219.10,6733.429008,1,2.462195568,500,83.2760038,0.048949518,1,4.327025133,5,47.74560528,"/home/sgupta/WORK/Triplevel_transformer_model/baselines/hyperparameter_search/experiment_de_data2/train_de_1f113ed0_133_batch_size=2.4622,epochs=500,hidden_size=83.2760,lr=0.0489,num_features=1,num_layers=4.3270,num_models=5,pat_2023-11-30_19-37-32"
157,0.98592937,0.184287874,7776.831774,FALSE,1,aebdcb97,2023-11-30_23-23-44,1701408224,7776.831774,107335,Slade-173477,10.2.219.10,7776.831774,1,1.340056134,500,99.20569215,0.033440465,1,9.433673157,5,12.68111864,"/home/sgupta/WORK/Triplevel_transformer_model/baselines/hyperparameter_search/experiment_de_data2/train_de_aebdcb97_158_batch_size=1.3401,epochs=500,hidden_size=99.2057,lr=0.0334,num_features=1,num_layers=9.4337,num_models=5,pat_2023-11-30_21-09-07"
169,-0.335084319,0.186197595,2649.099628,FALSE,1,b88bab6b,2023-11-30_22-26-09,1701404769,2649.099628,108823,Slade-173477,10.2.219.10,2649.099628,1,2.839661985,500,68.22983685,0.098923702,1,2.192190537,5,20.64283844,"/home/sgupta/WORK/Triplevel_transformer_model/baselines/hyperparameter_search/experiment_de_data2/train_de_b88bab6b_170_batch_size=2.8397,epochs=500,hidden_size=68.2298,lr=0.0989,num_features=1,num_layers=2.1922,num_models=5,pat_2023-11-30_21-37-30"
84,-0.091726139,0.18622309,3713.675474,FALSE,1,d42b84b4,2023-11-30_18-34-43,1701390883,3713.675474,108122,Slade-173477,10.2.219.10,3713.675474,1,2.860355444,500,62.94202339,0.098585255,1,6.627090263,5,10.42533967,"/home/sgupta/WORK/Triplevel_transformer_model/baselines/hyperparameter_search/experiment_de_data2/train_de_d42b84b4_85_batch_size=2.8604,epochs=500,hidden_size=62.9420,lr=0.0986,num_features=1,num_layers=6.6271,num_models=5,pati_2023-11-30_17-29-33"
191,-0.318182588,0.186435436,5737.102839,FALSE,1,c4aa71d3,2023-12-01_00-06-31,1701410791,5737.102839,109634,Slade-173477,10.2.219.10,5737.102839,1,1.645128345,500,33.22689687,0.078172882,1,7.901548268,5,30.86271121,"/home/sgupta/WORK/Triplevel_transformer_model/baselines/hyperparameter_search/experiment_de_data2/train_de_c4aa71d3_192_batch_size=1.6451,epochs=500,hidden_size=33.2269,lr=0.0782,num_features=1,num_layers=7.9015,num_models=5,pat_2023-11-30_22-30-41"
67,1.001852274,0.189085823,11039.10763,FALSE,1,6872d8ab,2023-11-30_19-52-07,1701395527,11039.10763,26272,Slade-173477,10.2.219.10,11039.10763,1,2.6112803,500,18.3577941,0.034067785,1,8.612023591,5,39.97165819,"/home/sgupta/WORK/Triplevel_transformer_model/baselines/hyperparameter_search/experiment_de_data2/train_de_6872d8ab_68_batch_size=2.6113,epochs=500,hidden_size=18.3578,lr=0.0341,num_features=1,num_layers=8.6120,num_models=5,pati_2023-11-30_16-41-51"
160,-0.250534725,0.189824604,378.1082125,FALSE,1,e8fa67d2,2023-11-30_21-22-27,1701400947,378.1082125,26272,Slade-173477,10.2.219.10,378.1082125,1,2.0753242,500,49.02506112,0.084918908,1,5.571501452,5,2.310358947,"/home/sgupta/WORK/Triplevel_transformer_model/baselines/hyperparameter_search/experiment_de_data2/train_de_e8fa67d2_161_batch_size=2.0753,epochs=500,hidden_size=49.0251,lr=0.0849,num_features=1,num_layers=5.5715,num_models=5,pat_2023-11-30_21-15-47"
10,0.110524997,0.190090615,5187.614346,FALSE,1,41130f8e,2023-11-30_16-48-08,1701384488,5187.614346,26272,Slade-173477,10.2.219.10,5187.614346,1,1,500,109.4067666,0.059039627,1,6.223855248,5,11.68315536,"/home/sgupta/WORK/Triplevel_transformer_model/baselines/hyperparameter_search/experiment_de_data2/train_de_41130f8e_11_batch_size=1.0000,epochs=500,hidden_size=109.4068,lr=0.0590,num_features=1,num_layers=6.2239,num_models=5,pat_2023-11-30_15-21-40"
100,0.271092802,0.190185232,3580.707795,FALSE,1,779a6678,2023-11-30_19-11-41,1701393101,3580.707795,109398,Slade-173477,10.2.219.10,3580.707795,1,1.968309062,500,101.3818768,0.078367863,1,3.871543507,5,14.98664693,"/home/sgupta/WORK/Triplevel_transformer_model/baselines/hyperparameter_search/experiment_de_data2/train_de_779a6678_101_batch_size=1.9683,epochs=500,hidden_size=101.3819,lr=0.0784,num_features=1,num_layers=3.8715,num_models=5,pa_2023-11-30_18-09-44"
134,-0.054388762,0.190940787,15447.27416,FALSE,1,5087f7a4,2023-12-01_00-02-12,1701410532,15447.27416,109578,Slade-173477,10.2.219.10,15447.27416,1,1.88909293,500,162.7183854,0.047657673,1,5.056602701,5,15.46793757,"/home/sgupta/WORK/Triplevel_transformer_model/baselines/hyperparameter_search/experiment_de_data2/train_de_5087f7a4_135_batch_size=1.8891,epochs=500,hidden_size=162.7184,lr=0.0477,num_features=1,num_layers=5.0566,num_models=5,pa_2023-11-30_19-43-59"
162,-0.518414021,0.191951026,5795.563005,FALSE,1,fd877b6d,2023-11-30_22-58-09,1701406689,5795.563005,108776,Slade-173477,10.2.219.10,5795.563005,1,2.733241982,500,2.130541486,0.096208712,1,6.396662428,5,47.70661394,"/home/sgupta/WORK/Triplevel_transformer_model/baselines/hyperparameter_search/experiment_de_data2/train_de_fd877b6d_163_batch_size=2.7332,epochs=500,hidden_size=2.1305,lr=0.0962,num_features=1,num_layers=6.3967,num_models=5,pati_2023-11-30_21-18-04"
92,0.135894537,0.192472186,4511.121358,FALSE,1,9df6bb1b,2023-11-30_19-09-47,1701392987,4511.121358,112601,Slade-173477,10.2.219.10,4511.121358,1,2.003318192,500,8.06674564,0.056885413,1,8.874402353,5,22.35649335,"/home/sgupta/WORK/Triplevel_transformer_model/baselines/hyperparameter_search/experiment_de_data2/train_de_9df6bb1b_93_batch_size=2.0033,epochs=500,hidden_size=8.0667,lr=0.0569,num_features=1,num_layers=8.8744,num_models=5,patie_2023-11-30_17-51-59"
126,-0.569845128,0.193486253,4694.380474,FALSE,1,721f7227,2023-11-30_20-34-08,1701398048,4694.380474,108876,Slade-173477,10.2.219.10,4694.380474,1,2.018433386,500,105.7093973,0.042354498,1,2.077107061,5,26.71507528,"/home/sgupta/WORK/Triplevel_transformer_model/baselines/hyperparameter_search/experiment_de_data2/train_de_721f7227_127_batch_size=2.0184,epochs=500,hidden_size=105.7094,lr=0.0424,num_features=1,num_layers=2.0771,num_models=5,pa_2023-11-30_19-14-12"
13,0.106073529,0.193792203,8811.585099,FALSE,1,e632562e,2023-11-30_17-48-52,1701388132,8811.585099,106655,Slade-173477,10.2.219.10,8811.585099,1,1,500,109.4700454,0.040720167,1,6.699318167,5,11.3958467,"/home/sgupta/WORK/Triplevel_transformer_model/baselines/hyperparameter_search/experiment_de_data2/train_de_e632562e_14_batch_size=1.0000,epochs=500,hidden_size=109.4700,lr=0.0407,num_features=1,num_layers=6.6993,num_models=5,pat_2023-11-30_15-21-54"
60,-0.224917084,0.193892606,6882.694881,FALSE,1,fd7c9cda,2023-11-30_18-25-02,1701390302,6882.694881,111934,Slade-173477,10.2.219.10,6882.694881,1,2.102896452,500,128.369596,0.044132465,1,5.247595779,5,37.76921479,"/home/sgupta/WORK/Triplevel_transformer_model/baselines/hyperparameter_search/experiment_de_data2/train_de_fd7c9cda_61_batch_size=2.1029,epochs=500,hidden_size=128.3696,lr=0.0441,num_features=1,num_layers=5.2476,num_models=5,pat_2023-11-30_16-29-13"
3,-0.382961392,0.194651805,1033.257854,FALSE,1,199f0f9d,2023-11-30_13-26-54,1701372414,1033.257854,26120,Slade-173477,10.2.219.10,1033.257854,1,1.36680902,500,61.54420635,0.052523168,1,5.455560149,5,15.27022787,"/home/sgupta/WORK/Triplevel_transformer_model/baselines/hyperparameter_search/experiment_de_data2/train_de_199f0f9d_4_batch_size=1.3668,epochs=500,hidden_size=61.5442,lr=0.0525,num_features=1,num_layers=5.4556,num_models=5,patie_2023-11-30_13-09-38"
127,0.791401982,0.196223647,12050.05281,FALSE,1,a05027fb,2023-11-30_22-38-44,1701405524,12050.05281,108025,Slade-173477,10.2.219.10,12050.05281,1,1.199105222,500,180.9526261,0.068682252,1,3.805899564,5,43.25735195,"/home/sgupta/WORK/Triplevel_transformer_model/baselines/hyperparameter_search/experiment_de_data2/train_de_a05027fb_128_batch_size=1.1991,epochs=500,hidden_size=180.9526,lr=0.0687,num_features=1,num_layers=3.8059,num_models=5,pa_2023-11-30_19-15-54"
18,1.845765591,0.196753916,5810.836202,FALSE,1,63b49db1,2023-11-30_16-59-26,1701385166,5810.836202,107432,Slade-173477,10.2.219.10,5810.836202,1,1,500,109.0898826,0.042453462,1,6.444190897,5,10.28453521,"/home/sgupta/WORK/Triplevel_transformer_model/baselines/hyperparameter_search/experiment_de_data2/train_de_63b49db1_19_batch_size=1.0000,epochs=500,hidden_size=109.0899,lr=0.0425,num_features=1,num_layers=6.4442,num_models=5,pat_2023-11-30_15-22-29"
27,-0.214025575,0.200547956,3133.290438,FALSE,1,cd3785dd,2023-11-30_16-15-55,1701382555,3133.290438,109398,Slade-173477,10.2.219.10,3133.290438,1,2.127257449,500,101.8129145,0.003049074,1,9.068942857,5,13.07847206,"/home/sgupta/WORK/Triplevel_transformer_model/baselines/hyperparameter_search/experiment_de_data2/train_de_cd3785dd_28_batch_size=2.1273,epochs=500,hidden_size=101.8129,lr=0.0030,num_features=1,num_layers=9.0689,num_models=5,pat_2023-11-30_15-23-33"
152,-0.336490661,0.200813989,3436.303538,FALSE,1,22833da8,2023-11-30_21-50-54,1701402654,3436.303538,106759,Slade-173477,10.2.219.10,3436.303538,1,2.033813057,500,49.62539034,0.069642035,1,2.822650426,5,37.44047322,"/home/sgupta/WORK/Triplevel_transformer_model/baselines/hyperparameter_search/experiment_de_data2/train_de_22833da8_153_batch_size=2.0338,epochs=500,hidden_size=49.6254,lr=0.0696,num_features=1,num_layers=2.8227,num_models=5,pat_2023-11-30_20-34-56"
188,0.155904204,0.201230764,6398.539567,FALSE,1,b095828f,2023-12-01_00-13-32,1701411212,6398.539567,108169,Slade-173477,10.2.219.10,6398.539567,1,1.88611079,500,99.8651824,0.034721343,1,9.295767251,5,13.82343537,"/home/sgupta/WORK/Triplevel_transformer_model/baselines/hyperparameter_search/experiment_de_data2/train_de_b095828f_189_batch_size=1.8861,epochs=500,hidden_size=99.8652,lr=0.0347,num_features=1,num_layers=9.2958,num_models=5,pat_2023-11-30_22-26-10"
30,-0.429168791,0.201231222,4610.125852,FALSE,1,43c3c2a8,2023-11-30_16-40-54,1701384054,4610.125852,109681,Slade-173477,10.2.219.10,4610.125852,1,1,500,109.3046674,0.049448194,1,5.965835448,5,11.58436097,"/home/sgupta/WORK/Triplevel_transformer_model/baselines/hyperparameter_search/experiment_de_data2/train_de_43c3c2a8_31_batch_size=1.0000,epochs=500,hidden_size=109.3047,lr=0.0494,num_features=1,num_layers=5.9658,num_models=5,pat_2023-11-30_15-23-57"
142,-0.536418712,0.201666776,1815.507391,FALSE,1,fcb58852,2023-11-30_20-34-56,1701398096,1815.507391,26272,Slade-173477,10.2.219.10,1815.507391,1,2.736950412,500,31.35267856,0.028201295,1,2.737029989,5,15.68588855,"/home/sgupta/WORK/Triplevel_transformer_model/baselines/hyperparameter_search/experiment_de_data2/train_de_fcb58852_143_batch_size=2.7370,epochs=500,hidden_size=31.3527,lr=0.0282,num_features=1,num_layers=2.7370,num_models=5,pat_2023-11-30_20-03-17"
122,0.008346647,0.202318073,11939.62763,FALSE,1,7c1aa0e3,2023-11-30_22-30-41,1701405041,11939.62763,109398,Slade-173477,10.2.219.10,11939.62763,1,1.794151923,500,133.4668816,0.033873562,1,3.503330317,5,42.72787123,"/home/sgupta/WORK/Triplevel_transformer_model/baselines/hyperparameter_search/experiment_de_data2/train_de_7c1aa0e3_123_batch_size=1.7942,epochs=500,hidden_size=133.4669,lr=0.0339,num_features=1,num_layers=3.5033,num_models=5,pa_2023-11-30_19-09-48"
75,-0.430933058,0.202934215,5823.607171,FALSE,1,547426d1,2023-11-30_18-42-40,1701391360,5823.607171,106706,Slade-173477,10.2.219.10,5823.607171,1,1.451175439,500,56.36871788,0.046421099,1,9.461957821,5,8.267821008,"/home/sgupta/WORK/Triplevel_transformer_model/baselines/hyperparameter_search/experiment_de_data2/train_de_547426d1_76_batch_size=1.4512,epochs=500,hidden_size=56.3687,lr=0.0464,num_features=1,num_layers=9.4620,num_models=5,pati_2023-11-30_17-03-20"
137,-0.370089144,0.203405725,1835.384198,FALSE,1,f78f6a3c,2023-11-30_20-23-55,1701397435,1835.384198,112363,Slade-173477,10.2.219.10,1835.384198,1,1.751568279,500,123.4615758,0.077178042,1,2.473924561,5,8.928996597,"/home/sgupta/WORK/Triplevel_transformer_model/baselines/hyperparameter_search/experiment_de_data2/train_de_f78f6a3c_138_batch_size=1.7516,epochs=500,hidden_size=123.4616,lr=0.0772,num_features=1,num_layers=2.4739,num_models=5,pa_2023-11-30_19-52-08"
113,0.034454748,0.205224342,20806.17127,FALSE,1,fd9d4a48,2023-12-01_00-40-15,1701412815,20806.17127,108923,Slade-173477,10.2.219.10,20806.17127,1,1.208191789,500,186.2949821,0.042332458,1,5.270220666,5,38.41750757,"/home/sgupta/WORK/Triplevel_transformer_model/baselines/hyperparameter_search/experiment_de_data2/train_de_fd9d4a48_114_batch_size=1.2082,epochs=500,hidden_size=186.2950,lr=0.0423,num_features=1,num_layers=5.2702,num_models=5,pa_2023-11-30_18-51-35"
103,-0.150068939,0.205770555,1952.718929,FALSE,1,b4a5b755,2023-11-30_18-57-54,1701392274,1952.718929,109578,Slade-173477,10.2.219.10,1952.718929,1,2.218513591,500,20.18240962,0.048200394,1,8.93544753,5,7.925284837,"/home/sgupta/WORK/Triplevel_transformer_model/baselines/hyperparameter_search/experiment_de_data2/train_de_b4a5b755_104_batch_size=2.2185,epochs=500,hidden_size=20.1824,lr=0.0482,num_features=1,num_layers=8.9354,num_models=5,pat_2023-11-30_18-25-02"
139,-0.305955768,0.206285614,5632.838009,FALSE,1,5396e0e0,2023-11-30_21-32-53,1701401573,5632.838009,109681,Slade-173477,10.2.219.10,5632.838009,1,2.340045106,500,81.53362548,0.085039639,1,4.748645099,5,48.79887537,"/home/sgupta/WORK/Triplevel_transformer_model/baselines/hyperparameter_search/experiment_de_data2/train_de_5396e0e0_140_batch_size=2.3400,epochs=500,hidden_size=81.5336,lr=0.0850,num_features=1,num_layers=4.7486,num_models=5,pat_2023-11-30_19-57-24"
9,-0.589134455,0.20644129,1678.90078,FALSE,1,f1c9725c,2023-11-30_13-37-57,1701373077,1678.90078,28115,Slade-173477,10.2.219.10,1678.90078,1,2.325044569,500,63.03050414,0.052054795,1,6.373682235,5,10.05786832,"/home/sgupta/WORK/Triplevel_transformer_model/baselines/hyperparameter_search/experiment_de_data2/train_de_f1c9725c_10_batch_size=2.3250,epochs=500,hidden_size=63.0305,lr=0.0521,num_features=1,num_layers=6.3737,num_models=5,pati_2023-11-30_13-09-55"
14,0.469787657,0.206720424,6208.246538,FALSE,1,9f392021,2023-11-30_17-05-36,1701385536,6208.246538,106706,Slade-173477,10.2.219.10,6208.246538,1,1.689393732,500,100.1950175,0.038179729,1,9.245993574,5,14.33737768,"/home/sgupta/WORK/Triplevel_transformer_model/baselines/hyperparameter_search/experiment_de_data2/train_de_9f392021_15_batch_size=1.6894,epochs=500,hidden_size=100.1950,lr=0.0382,num_features=1,num_layers=9.2460,num_models=5,pat_2023-11-30_15-22-01"
38,-0.219233543,0.207675591,7233.91519,FALSE,1,000183fd,2023-11-30_17-25-49,1701386749,7233.91519,111214,Slade-173477,10.2.219.10,7233.91519,1,2.26705594,500,99.96126027,0.050945599,1,8.226750678,5,14.66889437,"/home/sgupta/WORK/Triplevel_transformer_model/baselines/hyperparameter_search/experiment_de_data2/train_de_000183fd_39_batch_size=2.2671,epochs=500,hidden_size=99.9613,lr=0.0509,num_features=1,num_layers=8.2268,num_models=5,pati_2023-11-30_15-25-06"
50,0.139124572,0.20858841,6292.057645,FALSE,1,199217ae,2023-11-30_18-00-29,1701388829,6292.057645,110292,Slade-173477,10.2.219.10,6292.057645,1,1,500,109.3615883,0.037957712,1,6.444460776,5,11.2088658,"/home/sgupta/WORK/Triplevel_transformer_model/baselines/hyperparameter_search/experiment_de_data2/train_de_199217ae_51_batch_size=1.0000,epochs=500,hidden_size=109.3616,lr=0.0380,num_features=1,num_layers=6.4445,num_models=5,pat_2023-11-30_16-13-04"
33,-0.368724376,0.214929256,5128.584003,FALSE,1,47ffb547,2023-11-30_16-49-58,1701384598,5128.584003,110392,Slade-173477,10.2.219.10,5128.584003,1,1,500,109.1495807,0.047810494,1,5.835692965,5,11.15637121,"/home/sgupta/WORK/Triplevel_transformer_model/baselines/hyperparameter_search/experiment_de_data2/train_de_47ffb547_34_batch_size=1.0000,epochs=500,hidden_size=109.1496,lr=0.0478,num_features=1,num_layers=5.8357,num_models=5,pat_2023-11-30_15-24-22"
19,-0.406224072,0.215816365,5486.425586,FALSE,1,353a158a,2023-11-30_16-54-08,1701384848,5486.425586,108025,Slade-173477,10.2.219.10,5486.425586,1,1,500,109.5472409,0.045018893,1,6.465353815,5,12.06787739,"/home/sgupta/WORK/Triplevel_transformer_model/baselines/hyperparameter_search/experiment_de_data2/train_de_353a158a_20_batch_size=1.0000,epochs=500,hidden_size=109.5472,lr=0.0450,num_features=1,num_layers=6.4654,num_models=5,pat_2023-11-30_15-22-36"
63,-0.075650245,0.21597938,9535.262216,FALSE,1,894fb1f5,2023-11-30_19-13-17,1701393197,9535.262216,111111,Slade-173477,10.2.219.10,9535.262216,1,1.983636482,500,17.55380472,0.028595002,1,9.656426768,5,37.83781397,"/home/sgupta/WORK/Triplevel_transformer_model/baselines/hyperparameter_search/experiment_de_data2/train_de_894fb1f5_64_batch_size=1.9836,epochs=500,hidden_size=17.5538,lr=0.0286,num_features=1,num_layers=9.6564,num_models=5,pati_2023-11-30_16-33-04"
70,0.577642202,0.21836053,2811.753603,FALSE,1,a9cd3f5f,2023-11-30_17-40-31,1701387631,2811.753603,106605,Slade-173477,10.2.219.10,2811.753603,1,2.561475176,500,58.19346123,0.075115709,1,2.733981593,5,26.74398933,"/home/sgupta/WORK/Triplevel_transformer_model/baselines/hyperparameter_search/experiment_de_data2/train_de_a9cd3f5f_71_batch_size=2.5615,epochs=500,hidden_size=58.1935,lr=0.0751,num_features=1,num_layers=2.7340,num_models=5,pati_2023-11-30_16-49-58"
89,-0.301134288,0.220468977,2111.016999,FALSE,1,c0e14806,2023-11-30_18-24-03,1701390243,2111.016999,106655,Slade-173477,10.2.219.10,2111.016999,1,2.784496,500,72.23687183,0.093251744,1,2.204968178,5,30.89859551,"/home/sgupta/WORK/Triplevel_transformer_model/baselines/hyperparameter_search/experiment_de_data2/train_de_c0e14806_90_batch_size=2.7845,epochs=500,hidden_size=72.2369,lr=0.0933,num_features=1,num_layers=2.2050,num_models=5,pati_2023-11-30_17-40-31"
48,-0.200529993,0.221617746,5002.348434,FALSE,1,1bfff53c,2023-11-30_17-34-20,1701387260,5002.348434,108823,Slade-173477,10.2.219.10,5002.348434,1,1,500,109.5644275,0.04428661,1,6.69312402,5,11.80259672,"/home/sgupta/WORK/Triplevel_transformer_model/baselines/hyperparameter_search/experiment_de_data2/train_de_1bfff53c_49_batch_size=1.0000,epochs=500,hidden_size=109.5644,lr=0.0443,num_features=1,num_layers=6.6931,num_models=5,pat_2023-11-30_16-10-32"
179,-0.161065757,0.224921228,1360.673728,FALSE,1,ded2d58b,2023-11-30_22-34-25,1701405265,1360.673728,106145,Slade-173477,10.2.219.10,1360.673728,1,2.600423513,500,196.7287452,0.022721139,1,3.779931198,5,10.93115308,"/home/sgupta/WORK/Triplevel_transformer_model/baselines/hyperparameter_search/experiment_de_data2/train_de_ded2d58b_180_batch_size=2.6004,epochs=500,hidden_size=196.7287,lr=0.0227,num_features=1,num_layers=3.7799,num_models=5,pa_2023-11-30_22-07-55"
129,2.97270155,0.2249739,1474.869789,FALSE,1,fdc045f0,2023-11-30_19-57-24,1701395844,1474.869789,111934,Slade-173477,10.2.219.10,1474.869789,1,1.896793857,500,116.8429162,0.074018575,1,2.805355607,5,7.797932893,"/home/sgupta/WORK/Triplevel_transformer_model/baselines/hyperparameter_search/experiment_de_data2/train_de_fdc045f0_130_batch_size=1.8968,epochs=500,hidden_size=116.8429,lr=0.0740,num_features=1,num_layers=2.8054,num_models=5,pa_2023-11-30_19-30-00"
163,-0.521001387,0.225175903,6947.051325,FALSE,1,7405716d,2023-11-30_23-18-14,1701407894,6947.051325,26272,Slade-173477,10.2.219.10,6947.051325,1,1.328742208,500,152.439635,0.029577536,1,3.438215042,5,21.37683352,"/home/sgupta/WORK/Triplevel_transformer_model/baselines/hyperparameter_search/experiment_de_data2/train_de_7405716d_164_batch_size=1.3287,epochs=500,hidden_size=152.4396,lr=0.0296,num_features=1,num_layers=3.4382,num_models=5,pa_2023-11-30_21-21-33"
185,-0.463947225,0.226781309,570.4157264,FALSE,1,a3d30855,2023-11-30_22-32-53,1701405173,570.4157264,112645,Slade-173477,10.2.219.10,570.4157264,1,1.681554132,500,49.17721714,0.029183675,1,6.044663659,5,1.784143907,"/home/sgupta/WORK/Triplevel_transformer_model/baselines/hyperparameter_search/experiment_de_data2/train_de_a3d30855_186_batch_size=1.6816,epochs=500,hidden_size=49.1772,lr=0.0292,num_features=1,num_layers=6.0447,num_models=5,pat_2023-11-30_22-19-52"
56,-0.358751863,0.228144191,5485.266888,FALSE,1,b7510cdc,2023-11-30_17-51-59,1701388319,5485.266888,112645,Slade-173477,10.2.219.10,5485.266888,1,2.587766389,500,99.42312888,0.030947621,1,8.303729074,5,14.38050021,"/home/sgupta/WORK/Triplevel_transformer_model/baselines/hyperparameter_search/experiment_de_data2/train_de_b7510cdc_57_batch_size=2.5878,epochs=500,hidden_size=99.4231,lr=0.0309,num_features=1,num_layers=8.3037,num_models=5,pati_2023-11-30_16-20-13"
21,-0.408476055,0.229537446,3782.331018,FALSE,1,7ff8f70e,2023-11-30_16-25-59,1701383159,3782.331018,108122,Slade-173477,10.2.219.10,3782.331018,1,1,500,109.5063819,0.049114988,1,6.664089929,5,11.56934199,"/home/sgupta/WORK/Triplevel_transformer_model/baselines/hyperparameter_search/experiment_de_data2/train_de_7ff8f70e_22_batch_size=1.0000,epochs=500,hidden_size=109.5064,lr=0.0491,num_features=1,num_layers=6.6641,num_models=5,pat_2023-11-30_15-22-49"
107,-0.117263198,0.232671137,3322.022072,FALSE,1,3979de23,2023-11-30_19-37-34,1701394654,3322.022072,106605,Slade-173477,10.2.219.10,3322.022072,1,1.182486076,500,154.5165669,0.052488467,1,3.080612474,5,14.80955976,"/home/sgupta/WORK/Triplevel_transformer_model/baselines/hyperparameter_search/experiment_de_data2/train_de_3979de23_108_batch_size=1.1825,epochs=500,hidden_size=154.5166,lr=0.0525,num_features=1,num_layers=3.0806,num_models=5,pa_2023-11-30_18-34-43"
90,-0.176120132,0.233729849,3170.730706,FALSE,1,526940cf,2023-11-30_18-42-12,1701391332,3170.730706,106605,Slade-173477,10.2.219.10,3170.730706,1,1.527466862,500,109.1227607,0.041334807,1,4.684949654,5,13.07026661,"/home/sgupta/WORK/Triplevel_transformer_model/baselines/hyperparameter_search/experiment_de_data2/train_de_526940cf_91_batch_size=1.5275,epochs=500,hidden_size=109.1228,lr=0.0413,num_features=1,num_layers=4.6849,num_models=5,pat_2023-11-30_17-48-52"
91,-0.337449253,0.23532236,7063.957469,FALSE,1,19a07549,2023-11-30_19-49-43,1701395383,7063.957469,112645,Slade-173477,10.2.219.10,7063.957469,1,2.808195848,500,87.65291305,0.027811334,1,6.851603865,5,42.46402611,"/home/sgupta/WORK/Triplevel_transformer_model/baselines/hyperparameter_search/experiment_de_data2/train_de_19a07549_92_batch_size=2.8082,epochs=500,hidden_size=87.6529,lr=0.0278,num_features=1,num_layers=6.8516,num_models=5,pati_2023-11-30_17-49-21"
165,-0.011587441,0.236083477,5032.70878,FALSE,1,3dd34266,2023-11-30_22-53-40,1701406420,5032.70878,106605,Slade-173477,10.2.219.10,5032.70878,1,1.162703646,500,162.6137857,0.029760844,1,7.269728118,5,11.01391854,"/home/sgupta/WORK/Triplevel_transformer_model/baselines/hyperparameter_search/experiment_de_data2/train_de_3dd34266_166_batch_size=1.1627,epochs=500,hidden_size=162.6138,lr=0.0298,num_features=1,num_layers=7.2697,num_models=5,pa_2023-11-30_21-29-03"
36,-0.106935799,0.236818206,4164.780038,FALSE,1,e9d5507f,2023-11-30_16-34-22,1701383662,4164.780038,111111,Slade-173477,10.2.219.10,4164.780038,1,1,500,109.6292123,0.048809423,1,7.105534442,5,11.65617579,"/home/sgupta/WORK/Triplevel_transformer_model/baselines/hyperparameter_search/experiment_de_data2/train_de_e9d5507f_37_batch_size=1.0000,epochs=500,hidden_size=109.6292,lr=0.0488,num_features=1,num_layers=7.1055,num_models=5,pat_2023-11-30_15-24-49"
51,-0.340534061,0.23716142,6117.012825,FALSE,1,4d03f059,2023-11-30_17-57-52,1701388672,6117.012825,109398,Slade-173477,10.2.219.10,6117.012825,1,1,500,109.3815939,0.042705696,1,6.16038786,5,11.66620146,"/home/sgupta/WORK/Triplevel_transformer_model/baselines/hyperparameter_search/experiment_de_data2/train_de_4d03f059_52_batch_size=1.0000,epochs=500,hidden_size=109.3816,lr=0.0427,num_features=1,num_layers=6.1604,num_models=5,pat_2023-11-30_16-15-38"
151,-0.243874848,0.237171793,2472.409757,FALSE,1,6888c610,2023-11-30_21-16-09,1701400569,2472.409757,26272,Slade-173477,10.2.219.10,2472.409757,1,2.643201067,500,24.01940063,0.067350056,1,7.701009953,5,22.31739397,"/home/sgupta/WORK/Triplevel_transformer_model/baselines/hyperparameter_search/experiment_de_data2/train_de_6888c610_152_batch_size=2.6432,epochs=500,hidden_size=24.0194,lr=0.0674,num_features=1,num_layers=7.7010,num_models=5,pat_2023-11-30_20-34-37"
54,0.238601667,0.237897685,2693.906121,FALSE,1,4f442652,2023-11-30_17-03-20,1701385400,2693.906121,107379,Slade-173477,10.2.219.10,2693.906121,1,2.109684786,500,99.15965707,0.002565822,1,9.266029618,5,14.24764976,"/home/sgupta/WORK/Triplevel_transformer_model/baselines/hyperparameter_search/experiment_de_data2/train_de_4f442652_55_batch_size=2.1097,epochs=500,hidden_size=99.1597,lr=0.0026,num_features=1,num_layers=9.2660,num_models=5,pati_2023-11-30_16-17-11"
4,0.543754458,0.239707964,957.2613685,FALSE,1,0342b159,2023-11-30_13-25-41,1701372341,957.2613685,26191,Slade-173477,10.2.219.10,957.2613685,1,2.223705789,500,28.75927827,0.02928525,1,4.930894746,5,23.34742923,"/home/sgupta/WORK/Triplevel_transformer_model/baselines/hyperparameter_search/experiment_de_data2/train_de_0342b159_5_batch_size=2.2237,epochs=500,hidden_size=28.7593,lr=0.0293,num_features=1,num_layers=4.9309,num_models=5,patie_2023-11-30_13-09-41"
94,1.591005206,0.240443394,1800.096954,FALSE,1,6ae7dd7e,2023-11-30_18-26-05,1701390365,1800.096954,111158,Slade-173477,10.2.219.10,1800.096954,1,2.387108726,500,63.48258389,0.056505897,1,7.229897156,5,9.790701393,"/home/sgupta/WORK/Triplevel_transformer_model/baselines/hyperparameter_search/experiment_de_data2/train_de_6ae7dd7e_95_batch_size=2.3871,epochs=500,hidden_size=63.4826,lr=0.0565,num_features=1,num_layers=7.2299,num_models=5,pati_2023-11-30_17-54-47"
85,-0.156653613,0.240716256,10768.75835,FALSE,1,17f63eeb,2023-11-30_20-33-49,1701398029,10768.75835,108823,Slade-173477,10.2.219.10,10768.75835,1,1.570322431,500,99.42970158,0.022403995,1,9.669002674,5,13.90888831,"/home/sgupta/WORK/Triplevel_transformer_model/baselines/hyperparameter_search/experiment_de_data2/train_de_17f63eeb_86_batch_size=1.5703,epochs=500,hidden_size=99.4297,lr=0.0224,num_features=1,num_layers=9.6690,num_models=5,pati_2023-11-30_17-32-49"
7,0.715301692,0.242199355,785.4499216,FALSE,1,f3e712a1,2023-11-30_13-22-58,1701372178,785.4499216,27642,Slade-173477,10.2.219.10,785.4499216,1,2.616794696,500,61.61814007,0.009857444,1,7.473864212,5,22.56747219,"/home/sgupta/WORK/Triplevel_transformer_model/baselines/hyperparameter_search/experiment_de_data2/train_de_f3e712a1_8_batch_size=2.6168,epochs=500,hidden_size=61.6181,lr=0.0099,num_features=1,num_layers=7.4739,num_models=5,patie_2023-11-30_13-09-50"
130,-0.294360846,0.246495169,12448.8953,FALSE,1,1f196e5e,2023-11-30_23-01-32,1701406892,12448.8953,110448,Slade-173477,10.2.219.10,12448.8953,1,1.739802114,500,99.46187736,0.014827599,1,8.650793082,5,13.45114143,"/home/sgupta/WORK/Triplevel_transformer_model/baselines/hyperparameter_search/experiment_de_data2/train_de_1f196e5e_131_batch_size=1.7398,epochs=500,hidden_size=99.4619,lr=0.0148,num_features=1,num_layers=8.6508,num_models=5,pat_2023-11-30_19-32-49"
15,-0.2972022,0.246988421,4248.568232,FALSE,1,89df17b3,2023-11-30_16-33-04,1701383584,4248.568232,106759,Slade-173477,10.2.219.10,4248.568232,1,1,500,109.2173265,0.047501095,1,5.7293386,5,11.5816799,"/home/sgupta/WORK/Triplevel_transformer_model/baselines/hyperparameter_search/experiment_de_data2/train_de_89df17b3_16_batch_size=1.0000,epochs=500,hidden_size=109.2173,lr=0.0475,num_features=1,num_layers=5.7293,num_models=5,pat_2023-11-30_15-22-09"
49,-0.355082333,0.247341979,6102.805859,FALSE,1,dff051e9,2023-11-30_17-54-47,1701388487,6102.805859,107335,Slade-173477,10.2.219.10,6102.805859,1,1.254103428,500,99.81299837,0.017424093,1,7.981855347,5,13.49831473,"/home/sgupta/WORK/Triplevel_transformer_model/baselines/hyperparameter_search/experiment_de_data2/train_de_dff051e9_50_batch_size=1.2541,epochs=500,hidden_size=99.8130,lr=0.0174,num_features=1,num_layers=7.9819,num_models=5,pati_2023-11-30_16-10-58"
76,-0.317863822,0.248398084,2745.622167,FALSE,1,d224a12b,2023-11-30_17-56-05,1701388565,2745.622167,111158,Slade-173477,10.2.219.10,2745.622167,1,1.051107962,500,7.064552186,0.028881967,1,5.197465935,5,11.72890503,"/home/sgupta/WORK/Triplevel_transformer_model/baselines/hyperparameter_search/experiment_de_data2/train_de_d224a12b_77_batch_size=1.0511,epochs=500,hidden_size=7.0646,lr=0.0289,num_features=1,num_layers=5.1975,num_models=5,patie_2023-11-30_17-05-36"
46,1.990962267,0.250742065,5679.896815,FALSE,1,76872476,2023-11-30_17-29-33,1701386973,5679.896815,108923,Slade-173477,10.2.219.10,5679.896815,1,1,500,109.4894203,0.048647816,1,6.333647701,5,11.97043688,"/home/sgupta/WORK/Triplevel_transformer_model/baselines/hyperparameter_search/experiment_de_data2/train_de_76872476_47_batch_size=1.0000,epochs=500,hidden_size=109.4894,lr=0.0486,num_features=1,num_layers=6.3336,num_models=5,pat_2023-11-30_15-26-20"
146,0.133776575,0.251433407,12096.74707,FALSE,1,69d11d4a,2023-11-30_23-48-46,1701409726,12096.74707,110340,Slade-173477,10.2.219.10,12096.74707,1,1.4647695,500,199.3660189,0.019900015,1,8.837063846,5,18.65701973,"/home/sgupta/WORK/Triplevel_transformer_model/baselines/hyperparameter_search/experiment_de_data2/train_de_69d11d4a_147_batch_size=1.4648,epochs=500,hidden_size=199.3660,lr=0.0199,num_features=1,num_layers=8.8371,num_models=5,pa_2023-11-30_20-23-55"
64,0.080507755,0.255891786,9205.32116,FALSE,1,dfc7c760,2023-11-30_19-14-12,1701393252,9205.32116,111825,Slade-173477,10.2.219.10,9205.32116,1,1.65260473,500,2.127451244,0.017919584,1,5.678826952,5,41.9500501,"/home/sgupta/WORK/Triplevel_transformer_model/baselines/hyperparameter_search/experiment_de_data2/train_de_dfc7c760_65_batch_size=1.6526,epochs=500,hidden_size=2.1275,lr=0.0179,num_features=1,num_layers=5.6788,num_models=5,patie_2023-11-30_16-34-22"
154,-0.419364405,0.256095493,484.0152719,FALSE,1,9a5959ed,2023-11-30_21-14-07,1701400447,484.0152719,107335,Slade-173477,10.2.219.10,484.0152719,1,1.919453992,500,48.4269803,0.07735409,1,5.997499625,5,1.645297988,"/home/sgupta/WORK/Triplevel_transformer_model/baselines/hyperparameter_search/experiment_de_data2/train_de_9a5959ed_155_batch_size=1.9195,epochs=500,hidden_size=48.4270,lr=0.0774,num_features=1,num_layers=5.9975,num_models=5,pat_2023-11-30_20-55-34"
58,-0.125637397,0.258006284,4010.297719,FALSE,1,87805338,2023-11-30_17-32-49,1701387169,4010.297719,108122,Slade-173477,10.2.219.10,4010.297719,1,2.715083715,500,98.97344354,0.016741454,1,9.264860972,5,13.82035693,"/home/sgupta/WORK/Triplevel_transformer_model/baselines/hyperparameter_search/experiment_de_data2/train_de_87805338_59_batch_size=2.7151,epochs=500,hidden_size=98.9734,lr=0.0167,num_features=1,num_layers=9.2649,num_models=5,pati_2023-11-30_16-22-00"
43,-0.622467637,0.25919226,6806.360395,FALSE,1,9dd7a448,2023-11-30_17-19-30,1701386370,6806.360395,112601,Slade-173477,10.2.219.10,6806.360395,1,1.397705467,500,99.16058683,0.046884465,1,8.974476049,5,15.63773793,"/home/sgupta/WORK/Triplevel_transformer_model/baselines/hyperparameter_search/experiment_de_data2/train_de_9dd7a448_44_batch_size=1.3977,epochs=500,hidden_size=99.1606,lr=0.0469,num_features=1,num_layers=8.9745,num_models=5,pati_2023-11-30_15-25-54"
192,-0.387372255,0.259250624,3098.583306,FALSE,1,7bf66a08,2023-11-30_23-22-49,1701408169,3098.583306,111158,Slade-173477,10.2.219.10,3098.583306,1,2.067300938,500,196.9861032,0.023238275,1,3.518927018,5,33.35976151,"/home/sgupta/WORK/Triplevel_transformer_model/baselines/hyperparameter_search/experiment_de_data2/train_de_7bf66a08_193_batch_size=2.0673,epochs=500,hidden_size=196.9861,lr=0.0232,num_features=1,num_layers=3.5189,num_models=5,pa_2023-11-30_22-30-54"
34,-0.386705697,0.262156001,12048.98428,FALSE,1,e45389a4,2023-11-30_18-45-28,1701391528,12048.98428,110448,Slade-173477,10.2.219.10,12048.98428,1,1.461264221,500,100.6551469,0.009417842,1,8.777049898,5,12.85667071,"/home/sgupta/WORK/Triplevel_transformer_model/baselines/hyperparameter_search/experiment_de_data2/train_de_e45389a4_35_batch_size=1.4613,epochs=500,hidden_size=100.6551,lr=0.0094,num_features=1,num_layers=8.7770,num_models=5,pat_2023-11-30_15-24-30"
193,0.123746735,0.262673606,339.9825242,FALSE,1,ddc208fc,2023-11-30_22-38-09,1701405489,339.9825242,111934,Slade-173477,10.2.219.10,339.9825242,1,1.727804101,500,49.30449207,0.080860254,1,5.878300931,5,1.809176351,"/home/sgupta/WORK/Triplevel_transformer_model/baselines/hyperparameter_search/experiment_de_data2/train_de_ddc208fc_194_batch_size=1.7278,epochs=500,hidden_size=49.3045,lr=0.0809,num_features=1,num_layers=5.8783,num_models=5,pat_2023-11-30_22-31-11"
156,-0.321218997,0.263344936,1196.221462,FALSE,1,9192fec8,2023-11-30_21-29-03,1701401343,1196.221462,107379,Slade-173477,10.2.219.10,1196.221462,1,1.1820126,500,48.98603035,0.030532386,1,5.543689152,5,2.128830669,"/home/sgupta/WORK/Triplevel_transformer_model/baselines/hyperparameter_search/experiment_de_data2/train_de_9192fec8_157_batch_size=1.1820,epochs=500,hidden_size=48.9860,lr=0.0305,num_features=1,num_layers=5.5437,num_models=5,pat_2023-11-30_21-07-05"
28,-0.401512921,0.26960115,10891.8551,FALSE,1,7a378cb0,2023-11-30_18-25-21,1701390321,10891.8551,109578,Slade-173477,10.2.219.10,10891.8551,1,1.226968977,500,100.4007835,0.025198642,1,9.910388429,5,14.64269843,"/home/sgupta/WORK/Triplevel_transformer_model/baselines/hyperparameter_search/experiment_de_data2/train_de_7a378cb0_29_batch_size=1.2270,epochs=500,hidden_size=100.4008,lr=0.0252,num_features=1,num_layers=9.9104,num_models=5,pat_2023-11-30_15-23-41"
62,1.667857838,0.26981155,527.3818057,FALSE,1,51726ef0,2023-11-30_16-41-51,1701384111,527.3818057,106759,Slade-173477,10.2.219.10,527.3818057,1,2.68611989,500,57.20839792,0.014744378,1,3.613648531,5,3.92441176,"/home/sgupta/WORK/Triplevel_transformer_model/baselines/hyperparameter_search/experiment_de_data2/train_de_51726ef0_63_batch_size=2.6861,epochs=500,hidden_size=57.2084,lr=0.0147,num_features=1,num_layers=3.6136,num_models=5,pati_2023-11-30_16-31-16"
124,0.003708228,0.274262524,1454.518602,FALSE,1,aa5d13a3,2023-11-30_19-37-31,1701394651,1454.518602,111111,Slade-173477,10.2.219.10,1454.518602,1,2.539466526,500,116.2917849,0.017472754,1,8.2889575,5,7.494132573,"/home/sgupta/WORK/Triplevel_transformer_model/baselines/hyperparameter_search/experiment_de_data2/train_de_aa5d13a3_125_batch_size=2.5395,epochs=500,hidden_size=116.2918,lr=0.0175,num_features=1,num_layers=8.2890,num_models=5,pa_2023-11-30_19-12-57"
128,0.984404325,0.27721736,1740.313134,FALSE,1,39ec159c,2023-11-30_19-59-00,1701395940,1740.313134,109681,Slade-173477,10.2.219.10,1740.313134,1,2.518264127,500,33.18017611,0.024889885,1,6.556377692,5,14.46753812,"/home/sgupta/WORK/Triplevel_transformer_model/baselines/hyperparameter_search/experiment_de_data2/train_de_39ec159c_129_batch_size=2.5183,epochs=500,hidden_size=33.1802,lr=0.0249,num_features=1,num_layers=6.5564,num_models=5,pat_2023-11-30_19-17-55"
125,-0.372640073,0.281815249,13375.44086,FALSE,1,0ff0a89e,2023-11-30_22-57-08,1701406628,13375.44086,111825,Slade-173477,10.2.219.10,13375.44086,1,1.037209145,500,183.0867752,0.017634169,1,6.369831929,5,16.75058822,"/home/sgupta/WORK/Triplevel_transformer_model/baselines/hyperparameter_search/experiment_de_data2/train_de_0ff0a89e_126_batch_size=1.0372,epochs=500,hidden_size=183.0868,lr=0.0176,num_features=1,num_layers=6.3698,num_models=5,pa_2023-11-30_19-13-17"
164,-0.244438142,0.286185352,2332.199149,FALSE,1,2825748,2023-11-30_22-07-55,1701403675,2332.199149,107379,Slade-173477,10.2.219.10,2332.199149,1,2.986503528,500,67.96186521,0.038120857,1,3.070810105,5,21.48252557,"/home/sgupta/WORK/Triplevel_transformer_model/baselines/hyperparameter_search/experiment_de_data2/train_de_02825748_165_batch_size=2.9865,epochs=500,hidden_size=67.9619,lr=0.0381,num_features=1,num_layers=3.0708,num_models=5,pat_2023-11-30_21-22-27"
88,-0.04811704,0.287895736,529.9299624,FALSE,1,90d351ef,2023-11-30_17-49-21,1701388161,529.9299624,106605,Slade-173477,10.2.219.10,529.9299624,1,2.822517624,500,84.69228558,0.028602959,1,5.585048434,5,2.56849562,"/home/sgupta/WORK/Triplevel_transformer_model/baselines/hyperparameter_search/experiment_de_data2/train_de_90d351ef_89_batch_size=2.8225,epochs=500,hidden_size=84.6923,lr=0.0286,num_features=1,num_layers=5.5850,num_models=5,pati_2023-11-30_17-36-40"
23,-0.411917806,0.287907701,5430.513979,FALSE,1,1eb44e32,2023-11-30_16-53-41,1701384821,5430.513979,108776,Slade-173477,10.2.219.10,5430.513979,1,1.927185883,500,99.54156197,0.02858812,1,7.475755525,5,13.18599521,"/home/sgupta/WORK/Triplevel_transformer_model/baselines/hyperparameter_search/experiment_de_data2/train_de_1eb44e32_24_batch_size=1.9272,epochs=500,hidden_size=99.5416,lr=0.0286,num_features=1,num_layers=7.4758,num_models=5,pati_2023-11-30_15-23-04"
5,-0.197257075,0.298767432,204.7116301,FALSE,1,0629262c,2023-11-30_13-13-11,1701371591,204.7116301,26272,Slade-173477,10.2.219.10,204.7116301,1,2.570351923,500,40.73508265,0.05147202,1,6.739316551,5,3.276070223,"/home/sgupta/WORK/Triplevel_transformer_model/baselines/hyperparameter_search/experiment_de_data2/train_de_0629262c_6_batch_size=2.5704,epochs=500,hidden_size=40.7351,lr=0.0515,num_features=1,num_layers=6.7393,num_models=5,patie_2023-11-30_13-09-43"
6,0.004522517,0.29977461,2979.081447,FALSE,1,87f88ff9,2023-11-30_13-59-29,1701374369,2979.081447,26522,Slade-173477,10.2.219.10,2979.081447,1,2.215089704,500,34.93430061,0.006598654,1,9.591084298,5,48.31596962,"/home/sgupta/WORK/Triplevel_transformer_model/baselines/hyperparameter_search/experiment_de_data2/train_de_87f88ff9_7_batch_size=2.2151,epochs=500,hidden_size=34.9343,lr=0.0066,num_features=1,num_layers=9.5911,num_models=5,patie_2023-11-30_13-09-46"
187,-0.113864884,0.308996178,838.9383452,FALSE,1,55e7f725,2023-11-30_22-40-09,1701405609,838.9383452,111111,Slade-173477,10.2.219.10,838.9383452,1,2.130350312,500,131.7906749,0.006444289,1,9.556194979,5,3.986441423,"/home/sgupta/WORK/Triplevel_transformer_model/baselines/hyperparameter_search/experiment_de_data2/train_de_55e7f725_188_batch_size=2.1304,epochs=500,hidden_size=131.7907,lr=0.0064,num_features=1,num_layers=9.5562,num_models=5,pa_2023-11-30_22-26-10"
57,-0.143522143,0.310379735,10433.96386,FALSE,1,36277483,2023-11-30_19-15-54,1701393354,10433.96386,108876,Slade-173477,10.2.219.10,10433.96386,1,1.503128183,500,99.12811395,0.006434076,1,9.345734028,5,14.88420895,"/home/sgupta/WORK/Triplevel_transformer_model/baselines/hyperparameter_search/experiment_de_data2/train_de_36277483_58_batch_size=1.5031,epochs=500,hidden_size=99.1281,lr=0.0064,num_features=1,num_layers=9.3457,num_models=5,pati_2023-11-30_16-20-34"
159,-0.457934022,0.310715935,3702.151025,FALSE,1,7cbcdf09,2023-11-30_22-17-29,1701404249,3702.151025,107432,Slade-173477,10.2.219.10,3702.151025,1,2.398840986,500,99.51946937,0.033023217,1,9.286261304,5,12.8916544,"/home/sgupta/WORK/Triplevel_transformer_model/baselines/hyperparameter_search/experiment_de_data2/train_de_7cbcdf09_160_batch_size=2.3988,epochs=500,hidden_size=99.5195,lr=0.0330,num_features=1,num_layers=9.2863,num_models=5,pat_2023-11-30_21-14-16"
42,-0.241352499,0.313013205,3798.484583,FALSE,1,3291933f,2023-11-30_16-29-13,1701383353,3798.484583,112363,Slade-173477,10.2.219.10,3798.484583,1,2.104342932,500,99.53123629,0.006051953,1,9.069025746,5,14.03736408,"/home/sgupta/WORK/Triplevel_transformer_model/baselines/hyperparameter_search/experiment_de_data2/train_de_3291933f_43_batch_size=2.1043,epochs=500,hidden_size=99.5312,lr=0.0061,num_features=1,num_layers=9.0690,num_models=5,pati_2023-11-30_15-25-44"
145,-0.24054386,0.316727642,395.3464682,FALSE,1,6a9defef,2023-11-30_20-30-30,1701397830,395.3464682,112363,Slade-173477,10.2.219.10,395.3464682,1,1.945768864,500,48.99530764,0.024096689,1,6.370939236,5,1.057583345,"/home/sgupta/WORK/Triplevel_transformer_model/baselines/hyperparameter_search/experiment_de_data2/train_de_6a9defef_146_batch_size=1.9458,epochs=500,hidden_size=48.9953,lr=0.0241,num_features=1,num_layers=6.3709,num_models=5,pat_2023-11-30_20-16-44"
87,-0.144934177,0.318209871,3014.964891,FALSE,1,b02818d7,2023-11-30_18-26-55,1701390415,3014.964891,107379,Slade-173477,10.2.219.10,3014.964891,1,1.327919373,500,62.0494481,0.024565053,1,4.871613837,5,15.72758703,"/home/sgupta/WORK/Triplevel_transformer_model/baselines/hyperparameter_search/experiment_de_data2/train_de_b02818d7_88_batch_size=1.3279,epochs=500,hidden_size=62.0494,lr=0.0246,num_features=1,num_layers=4.8716,num_models=5,pati_2023-11-30_17-34-27"
101,-0.256641209,0.318679686,1863.343793,FALSE,1,2247a520,2023-11-30_18-55-07,1701392107,1863.343793,106655,Slade-173477,10.2.219.10,1863.343793,1,1.612565148,500,126.1776177,0.060230668,1,3.437284055,5,5.421721146,"/home/sgupta/WORK/Triplevel_transformer_model/baselines/hyperparameter_search/experiment_de_data2/train_de_2247a520_102_batch_size=1.6126,epochs=500,hidden_size=126.1776,lr=0.0602,num_features=1,num_layers=3.4373,num_models=5,pa_2023-11-30_18-12-00"
83,3.261129856,0.370092298,5035.966777,FALSE,1,a96237da,2023-11-30_18-53-29,1701392009,5035.966777,108923,Slade-173477,10.2.219.10,5035.966777,1,1.543756749,500,101.0709764,0.006819401,1,9.154549331,5,13.23220622,"/home/sgupta/WORK/Triplevel_transformer_model/baselines/hyperparameter_search/experiment_de_data2/train_de_a96237da_84_batch_size=1.5438,epochs=500,hidden_size=101.0710,lr=0.0068,num_features=1,num_layers=9.1545,num_models=5,pat_2023-11-30_17-26-35"
173,1.266663074,0.391178226,519.8690438,FALSE,1,dde346f9,2023-11-30_21-59-34,1701403174,519.8690438,106759,Slade-173477,10.2.219.10,519.8690438,1,2.018773195,500,49.00020917,0.017417085,1,6.451336685,5,2.141707038,"/home/sgupta/WORK/Triplevel_transformer_model/baselines/hyperparameter_search/experiment_de_data2/train_de_dde346f9_174_batch_size=2.0188,epochs=500,hidden_size=49.0002,lr=0.0174,num_features=1,num_layers=6.4513,num_models=5,pat_2023-11-30_21-50-50"
0,,inf,592.7836895,FALSE,1,10d67b56,2023-11-30_13-19-26,1701371966,592.7836895,25428,Slade-173477,10.2.219.10,592.7836895,1,1.749080238,500,190.192147,0.073226195,1,6.789267874,5,8.644913382,"/home/sgupta/WORK/Triplevel_transformer_model/baselines/hyperparameter_search/experiment_de_data2/train_de_10d67b56_1_batch_size=1.7491,epochs=500,hidden_size=190.1921,lr=0.0732,num_features=1,num_layers=6.7893,num_models=5,pati_2023-11-30_13-09-30"
2,,inf,531.6531246,FALSE,1,fd056dd4,2023-11-30_13-18-30,1701371910,531.6531246,25884,Slade-173477,10.2.219.10,531.6531246,1,1.041168989,500,194.0120606,0.08326102,1,3.698712885,5,9.909423393,"/home/sgupta/WORK/Triplevel_transformer_model/baselines/hyperparameter_search/experiment_de_data2/train_de_fd056dd4_3_batch_size=1.0412,epochs=500,hidden_size=194.0121,lr=0.0833,num_features=1,num_layers=3.6987,num_models=5,pati_2023-11-30_13-09-35"
16,,inf,3041.816188,FALSE,1,b91d0ccb,2023-11-30_16-13-04,1701382384,3041.816188,107335,Slade-173477,10.2.219.10,3041.816188,1,1.660911213,500,100.1051236,0.099467845,1,8.342279825,5,13.42084372,"/home/sgupta/WORK/Triplevel_transformer_model/baselines/hyperparameter_search/experiment_de_data2/train_de_b91d0ccb_17_batch_size=1.6609,epochs=500,hidden_size=100.1051,lr=0.0995,num_features=1,num_layers=8.3423,num_models=5,pat_2023-11-30_15-22-15"
17,,inf,3358.032081,FALSE,1,e6ca52e9,2023-11-30_16-18-26,1701382706,3358.032081,107379,Slade-173477,10.2.219.10,3358.032081,1,1.266213648,500,100.2535451,0.073389656,1,7.731654045,5,13.32858641,"/home/sgupta/WORK/Triplevel_transformer_model/baselines/hyperparameter_search/experiment_de_data2/train_de_e6ca52e9_18_batch_size=1.2662,epochs=500,hidden_size=100.2535,lr=0.0734,num_features=1,num_layers=7.7317,num_models=5,pat_2023-11-30_15-22-22"
24,,inf,2859.14693,FALSE,1,6c9b875b,2023-11-30_16-10-58,1701382258,2859.14693,108823,Slade-173477,10.2.219.10,2859.14693,1,1,500,109.5287692,0.046841238,1,6.477929264,5,11.92791279,"/home/sgupta/WORK/Triplevel_transformer_model/baselines/hyperparameter_search/experiment_de_data2/train_de_6c9b875b_25_batch_size=1.0000,epochs=500,hidden_size=109.5288,lr=0.0468,num_features=1,num_layers=6.4779,num_models=5,pat_2023-11-30_15-23-11"
25,,inf,3514.38675,FALSE,1,125f1bde,2023-11-30_16-22-00,1701382920,3514.38675,108876,Slade-173477,10.2.219.10,3514.38675,1,1.713770364,500,99.75453653,0.07098737,1,8.714505149,5,13.01989444,"/home/sgupta/WORK/Triplevel_transformer_model/baselines/hyperparameter_search/experiment_de_data2/train_de_125f1bde_26_batch_size=1.7138,epochs=500,hidden_size=99.7545,lr=0.0710,num_features=1,num_layers=8.7145,num_models=5,pati_2023-11-30_15-23-19"
26,,inf,1879.928982,FALSE,1,d7396b31,2023-11-30_15-54-53,1701381293,1879.928982,108923,Slade-173477,10.2.219.10,1879.928982,1,2.104739159,500,100.3627093,0.062858066,1,9.664424762,5,14.3448604,"/home/sgupta/WORK/Triplevel_transformer_model/baselines/hyperparameter_search/experiment_de_data2/train_de_d7396b31_27_batch_size=2.1047,epochs=500,hidden_size=100.3627,lr=0.0629,num_features=1,num_layers=9.6644,num_models=5,pat_2023-11-30_15-23-25"
29,,inf,3376.127855,FALSE,1,5986f0d0,2023-11-30_16-20-13,1701382813,3376.127855,109634,Slade-173477,10.2.219.10,3376.127855,1,1.051202434,500,99.09289161,0.085811553,1,8.834703484,5,13.39970526,"/home/sgupta/WORK/Triplevel_transformer_model/baselines/hyperparameter_search/experiment_de_data2/train_de_5986f0d0_30_batch_size=1.0512,epochs=500,hidden_size=99.0929,lr=0.0858,num_features=1,num_layers=8.8347,num_models=5,pati_2023-11-30_15-23-49"
31,,inf,3083.662084,FALSE,1,69145f5b,2023-11-30_16-15-37,1701382537,3083.662084,110292,Slade-173477,10.2.219.10,3083.662084,1,1.926230587,500,98.75019545,0.09947254,1,9.702442209,5,12.76523524,"/home/sgupta/WORK/Triplevel_transformer_model/baselines/hyperparameter_search/experiment_de_data2/train_de_69145f5b_32_batch_size=1.9262,epochs=500,hidden_size=98.7502,lr=0.0995,num_features=1,num_layers=9.7024,num_models=5,pati_2023-11-30_15-24-04"
32,,inf,4014.950338,FALSE,1,7a47d71c,2023-11-30_16-31-16,1701383476,4014.950338,110340,Slade-173477,10.2.219.10,4014.950338,1,1.435085559,500,100.5327821,0.064356148,1,8.889875416,5,14.32444527,"/home/sgupta/WORK/Triplevel_transformer_model/baselines/hyperparameter_search/experiment_de_data2/train_de_7a47d71c_33_batch_size=1.4351,epochs=500,hidden_size=100.5328,lr=0.0644,num_features=1,num_layers=8.8899,num_models=5,pat_2023-11-30_15-24-13"
35,,inf,2742.988495,FALSE,1,740d45e5,2023-11-30_16-10-31,1701382231,2742.988495,111058,Slade-173477,10.2.219.10,2742.988495,1,1,500,109.3192095,0.071300227,1,6.319366624,5,11.21736588,"/home/sgupta/WORK/Triplevel_transformer_model/baselines/hyperparameter_search/experiment_de_data2/train_de_740d45e5_36_batch_size=1.0000,epochs=500,hidden_size=109.3192,lr=0.0713,num_features=1,num_layers=6.3194,num_models=5,pat_2023-11-30_15-24-40"
37,,inf,3125.5739,FALSE,1,337bbb60,2023-11-30_16-17-11,1701382631,3125.5739,111158,Slade-173477,10.2.219.10,3125.5739,1,1.61183543,500,99.75715396,0.093401037,1,9.471631283,5,12.93516054,"/home/sgupta/WORK/Triplevel_transformer_model/baselines/hyperparameter_search/experiment_de_data2/train_de_337bbb60_38_batch_size=1.6118,epochs=500,hidden_size=99.7572,lr=0.0934,num_features=1,num_layers=9.4716,num_models=5,pati_2023-11-30_15-24-57"
39,,inf,4522.026757,FALSE,1,d688c9c7,2023-11-30_16-40-47,1701384047,4522.026757,111825,Slade-173477,10.2.219.10,4522.026757,1,1.861917494,500,99.70895813,0.068101345,1,9.282025194,5,13.37719629,"/home/sgupta/WORK/Triplevel_transformer_model/baselines/hyperparameter_search/experiment_de_data2/train_de_d688c9c7_40_batch_size=1.8619,epochs=500,hidden_size=99.7090,lr=0.0681,num_features=1,num_layers=9.2820,num_models=5,pati_2023-11-30_15-25-15"
40,,inf,3054.581959,FALSE,1,0cfb02e0,2023-11-30_16-16-28,1701382588,3054.581959,111881,Slade-173477,10.2.219.10,3054.581959,1,1.078116978,500,99.61229068,0.080332688,1,8.651198763,5,13.52946428,"/home/sgupta/WORK/Triplevel_transformer_model/baselines/hyperparameter_search/experiment_de_data2/train_de_0cfb02e0_41_batch_size=1.0781,epochs=500,hidden_size=99.6123,lr=0.0803,num_features=1,num_layers=8.6512,num_models=5,pati_2023-11-30_15-25-25"
41,,inf,3874.795201,FALSE,1,d1bf0d67,2023-11-30_16-30-19,1701383419,3874.795201,111934,Slade-173477,10.2.219.10,3874.795201,1,1.849233027,500,98.8363973,0.08438089,1,8.027552522,5,15.33607213,"/home/sgupta/WORK/Triplevel_transformer_model/baselines/hyperparameter_search/experiment_de_data2/train_de_d1bf0d67_42_batch_size=1.8492,epochs=500,hidden_size=98.8364,lr=0.0844,num_features=1,num_layers=8.0276,num_models=5,pati_2023-11-30_15-25-33"
44,,inf,3262.925667,FALSE,1,5dd4bb76,2023-11-30_16-20-34,1701382834,3262.925667,112645,Slade-173477,10.2.219.10,3262.925667,1,1.059912738,500,98.81394507,0.077674859,1,8.383622267,5,13.31792643,"/home/sgupta/WORK/Triplevel_transformer_model/baselines/hyperparameter_search/experiment_de_data2/train_de_5dd4bb76_45_batch_size=1.0599,epochs=500,hidden_size=98.8139,lr=0.0777,num_features=1,num_layers=8.3836,num_models=5,pati_2023-11-30_15-26-03"
52,,inf,4184.716446,FALSE,1,16ac3ebf,2023-11-30_17-26-12,1701386772,4184.716446,111881,Slade-173477,10.2.219.10,4184.716446,1,1.61542049,500,99.21823105,0.063324921,1,9.689580713,5,14.05907702,"/home/sgupta/WORK/Triplevel_transformer_model/baselines/hyperparameter_search/experiment_de_data2/train_de_16ac3ebf_53_batch_size=1.6154,epochs=500,hidden_size=99.2182,lr=0.0633,num_features=1,num_layers=9.6896,num_models=5,pati_2023-11-30_16-15-55"
53,,inf,3187.781479,FALSE,1,82184f06,2023-11-30_17-10-19,1701385819,3187.781479,111158,Slade-173477,10.2.219.10,3187.781479,1,1.899249664,500,99.67005485,0.094241344,1,9.709548426,5,12.57091732,"/home/sgupta/WORK/Triplevel_transformer_model/baselines/hyperparameter_search/experiment_de_data2/train_de_82184f06_54_batch_size=1.8992,epochs=500,hidden_size=99.6701,lr=0.0942,num_features=1,num_layers=9.7095,num_models=5,pati_2023-11-30_16-16-28"
55,,inf,3982.442603,FALSE,1,e6520177,2023-11-30_17-26-35,1701386795,3982.442603,109634,Slade-173477,10.2.219.10,3982.442603,1,1.467045079,500,100.4389097,0.086183297,1,9.753999163,5,15.16588623,"/home/sgupta/WORK/Triplevel_transformer_model/baselines/hyperparameter_search/experiment_de_data2/train_de_e6520177_56_batch_size=1.4670,epochs=500,hidden_size=100.4389,lr=0.0862,num_features=1,num_layers=9.7540,num_models=5,pat_2023-11-30_16-18-26"
59,,inf,3914.25055,FALSE,1,01f550ca,2023-11-30_17-34-27,1701387267,3914.25055,112363,Slade-173477,10.2.219.10,3914.25055,1,1.689414738,500,99.5709344,0.081216639,1,9.848836663,5,14.3857288,"/home/sgupta/WORK/Triplevel_transformer_model/baselines/hyperparameter_search/experiment_de_data2/train_de_01f550ca_60_batch_size=1.6894,epochs=500,hidden_size=99.5709,lr=0.0812,num_features=1,num_layers=9.8488,num_models=5,pati_2023-11-30_16-25-59"
65,,inf,4511.054879,FALSE,1,61043567,2023-11-30_17-56-05,1701388565,4511.054879,109681,Slade-173477,10.2.219.10,4511.054879,1,2.551198052,500,123.4438012,0.043723089,1,8.901684505,5,26.77466056,"/home/sgupta/WORK/Triplevel_transformer_model/baselines/hyperparameter_search/experiment_de_data2/train_de_61043567_66_batch_size=2.5512,epochs=500,hidden_size=123.4438,lr=0.0437,num_features=1,num_layers=8.9017,num_models=5,pat_2023-11-30_16-40-47"
66,,inf,15106.82265,FALSE,1,e63e0e32,2023-11-30_20-53-38,1701399218,15106.82265,106759,Slade-173477,10.2.219.10,15106.82265,1,1.314728374,500,181.379883,0.037021559,1,6.444879019,5,33.50157483,"/home/sgupta/WORK/Triplevel_transformer_model/baselines/hyperparameter_search/experiment_de_data2/train_de_e63e0e32_67_batch_size=1.3147,epochs=500,hidden_size=181.3799,lr=0.0370,num_features=1,num_layers=6.4449,num_models=5,pat_2023-11-30_16-40-55"
68,,inf,17311.05605,FALSE,1,0d5df100,2023-11-30_21-37-29,1701401849,17311.05605,108169,Slade-173477,10.2.219.10,17311.05605,1,1.847561574,500,162.0052433,0.065431076,1,9.109192864,5,45.53876049,"/home/sgupta/WORK/Triplevel_transformer_model/baselines/hyperparameter_search/experiment_de_data2/train_de_0d5df100_69_batch_size=1.8476,epochs=500,hidden_size=162.0052,lr=0.0654,num_features=1,num_layers=9.1092,num_models=5,pat_2023-11-30_16-48-08"
73,,inf,3590.523028,FALSE,1,f00fcde3,2023-11-30_17-59-17,1701388757,3590.523028,107432,Slade-173477,10.2.219.10,3590.523028,1,1.392282702,500,99.29812097,0.068783341,1,9.846905153,5,14.18217399,"/home/sgupta/WORK/Triplevel_transformer_model/baselines/hyperparameter_search/experiment_de_data2/train_de_f00fcde3_74_batch_size=1.3923,epochs=500,hidden_size=99.2981,lr=0.0688,num_features=1,num_layers=9.8469,num_models=5,pati_2023-11-30_16-54-08"
77,,inf,2106.728216,FALSE,1,c7435590,2023-11-30_17-54-36,1701388476,2106.728216,112601,Slade-173477,10.2.219.10,2106.728216,1,2.85813339,500,182.0241091,0.062413691,1,3.89541892,5,22.31933474,"/home/sgupta/WORK/Triplevel_transformer_model/baselines/hyperparameter_search/experiment_de_data2/train_de_c7435590_78_batch_size=2.8581,epochs=500,hidden_size=182.0241,lr=0.0624,num_features=1,num_layers=3.8954,num_models=5,pat_2023-11-30_17-10-19"
81,,inf,4906.706641,FALSE,1,ae2b482d,2023-11-30_18-47-59,1701391679,4906.706641,111881,Slade-173477,10.2.219.10,4906.706641,1,2.545842836,500,152.0830114,0.093082835,1,9.6250818,5,32.50755313,"/home/sgupta/WORK/Triplevel_transformer_model/baselines/hyperparameter_search/experiment_de_data2/train_de_ae2b482d_82_batch_size=2.5458,epochs=500,hidden_size=152.0830,lr=0.0931,num_features=1,num_layers=9.6251,num_models=5,pat_2023-11-30_17-25-49"
82,,inf,6002.502702,FALSE,1,59b80a1e,2023-11-30_19-06-38,1701392798,6002.502702,109634,Slade-173477,10.2.219.10,6002.502702,1,2.353112981,500,67.31364913,0.093376897,1,8.673725843,5,47.03988843,"/home/sgupta/WORK/Triplevel_transformer_model/baselines/hyperparameter_search/experiment_de_data2/train_de_59b80a1e_83_batch_size=2.3531,epochs=500,hidden_size=67.3136,lr=0.0934,num_features=1,num_layers=8.6737,num_models=5,pati_2023-11-30_17-26-12"
93,,inf,7710.283034,FALSE,1,f80b091b,2023-11-30_20-03-17,1701396197,7710.283034,107335,Slade-173477,10.2.219.10,7710.283034,1,1.91738112,500,174.3658845,0.073833154,1,3.849339385,5,32.5296927,"/home/sgupta/WORK/Triplevel_transformer_model/baselines/hyperparameter_search/experiment_de_data2/train_de_f80b091b_94_batch_size=1.9174,epochs=500,hidden_size=174.3659,lr=0.0738,num_features=1,num_layers=3.8493,num_models=5,pat_2023-11-30_17-54-37"
102,,inf,2311.774505,FALSE,1,34e45db4,2023-11-30_19-03-33,1701392613,2311.774505,111934,Slade-173477,10.2.219.10,2311.774505,1,1.553883341,500,154.6200288,0.050342718,1,6.534638527,5,9.869562851,"/home/sgupta/WORK/Triplevel_transformer_model/baselines/hyperparameter_search/experiment_de_data2/train_de_34e45db4_103_batch_size=1.5539,epochs=500,hidden_size=154.6200,lr=0.0503,num_features=1,num_layers=6.5346,num_models=5,pa_2023-11-30_18-24-03"
104,,inf,1968.434107,FALSE,1,f0e5bb7f,2023-11-30_18-58-53,1701392333,1968.434107,111158,Slade-173477,10.2.219.10,1968.434107,1,2.705607136,500,188.7938257,0.08263507,1,8.417459505,5,12.70526554,"/home/sgupta/WORK/Triplevel_transformer_model/baselines/hyperparameter_search/experiment_de_data2/train_de_f0e5bb7f_105_batch_size=2.7056,epochs=500,hidden_size=188.7938,lr=0.0826,num_features=1,num_layers=8.4175,num_models=5,pa_2023-11-30_18-25-21"
105,,inf,5706.838715,FALSE,1,6c12b3ae,2023-11-30_20-02-02,1701396122,5706.838715,107379,Slade-173477,10.2.219.10,5706.838715,1,2.837613148,500,153.4424224,0.05185708,1,9.60543702,5,36.10154116,"/home/sgupta/WORK/Triplevel_transformer_model/baselines/hyperparameter_search/experiment_de_data2/train_de_6c12b3ae_106_batch_size=2.8376,epochs=500,hidden_size=153.4424,lr=0.0519,num_features=1,num_layers=9.6054,num_models=5,pa_2023-11-30_18-26-05"
109,,inf,5475.874974,FALSE,1,417df359,2023-11-30_20-16-44,1701397004,5475.874974,107432,Slade-173477,10.2.219.10,5475.874974,1,1.802545937,500,162.0438636,0.067886238,1,6.59574172,5,23.40972336,"/home/sgupta/WORK/Triplevel_transformer_model/baselines/hyperparameter_search/experiment_de_data2/train_de_417df359_110_batch_size=1.8025,epochs=500,hidden_size=162.0439,lr=0.0679,num_features=1,num_layers=6.5957,num_models=5,pa_2023-11-30_18-42-40"
112,,inf,2304.956665,FALSE,1,881548d9,2023-11-30_19-30-00,1701394200,2304.956665,109681,Slade-173477,10.2.219.10,2304.956665,1,1.875249689,500,183.0585852,0.09869642,1,5.879182817,5,9.36461956,"/home/sgupta/WORK/Triplevel_transformer_model/baselines/hyperparameter_search/experiment_de_data2/train_de_881548d9_113_batch_size=1.8752,epochs=500,hidden_size=183.0586,lr=0.0987,num_features=1,num_layers=5.8792,num_models=5,pa_2023-11-30_18-47-59"
114,,inf,2931.78573,FALSE,1,21a0a14d,2023-11-30_19-43-59,1701395039,2931.78573,106655,Slade-173477,10.2.219.10,2931.78573,1,2.409551864,500,188.9101872,0.096614391,1,9.700446445,5,16.00550933,"/home/sgupta/WORK/Triplevel_transformer_model/baselines/hyperparameter_search/experiment_de_data2/train_de_21a0a14d_115_batch_size=2.4096,epochs=500,hidden_size=188.9102,lr=0.0966,num_features=1,num_layers=9.7004,num_models=5,pa_2023-11-30_18-53-29"
118,,inf,7615.242154,FALSE,1,91f773b2,2023-11-30_21-07-05,1701400025,7615.242154,108069,Slade-173477,10.2.219.10,7615.242154,1,2.301595654,500,164.6564177,0.043778068,1,8.920683927,5,38.89919828,"/home/sgupta/WORK/Triplevel_transformer_model/baselines/hyperparameter_search/experiment_de_data2/train_de_91f773b2_119_batch_size=2.3016,epochs=500,hidden_size=164.6564,lr=0.0438,num_features=1,num_layers=8.9207,num_models=5,pa_2023-11-30_18-59-35"
138,,inf,3490.441906,FALSE,1,738ef79f,2023-11-30_20-55-34,1701399334,3490.441906,111934,Slade-173477,10.2.219.10,3490.441906,1,1.454694503,500,99.72396109,0.061782953,1,9.095953927,5,12.86038025,"/home/sgupta/WORK/Triplevel_transformer_model/baselines/hyperparameter_search/experiment_de_data2/train_de_738ef79f_139_batch_size=1.4547,epochs=500,hidden_size=99.7240,lr=0.0618,num_features=1,num_layers=9.0960,num_models=5,pat_2023-11-30_19-53-20"
140,,inf,4024.818441,FALSE,1,9ab277e1,2023-11-30_21-09-07,1701400147,4024.818441,107379,Slade-173477,10.2.219.10,4024.818441,1,2.362047932,500,182.2966528,0.097935772,1,4.550021149,5,36.71429504,"/home/sgupta/WORK/Triplevel_transformer_model/baselines/hyperparameter_search/experiment_de_data2/train_de_9ab277e1_141_batch_size=2.3620,epochs=500,hidden_size=182.2967,lr=0.0979,num_features=1,num_layers=4.5500,num_models=5,pa_2023-11-30_19-59-00"
141,,inf,3766.324946,FALSE,1,63d4b14b,2023-11-30_21-06-03,1701399963,3766.324946,107335,Slade-173477,10.2.219.10,3766.324946,1,2.436934986,500,110.2347826,0.073076482,1,3.837598408,5,42.50479542,"/home/sgupta/WORK/Triplevel_transformer_model/baselines/hyperparameter_search/experiment_de_data2/train_de_63d4b14b_142_batch_size=2.4369,epochs=500,hidden_size=110.2348,lr=0.0731,num_features=1,num_layers=3.8376,num_models=5,pa_2023-11-30_20-02-02"
144,,inf,3542.67116,FALSE,1,4a6f60f0,2023-11-30_21-15-47,1701400547,3542.67116,107432,Slade-173477,10.2.219.10,3542.67116,1,1.849028136,500,99.55617071,0.068831274,1,9.335913973,5,14.01409886,"/home/sgupta/WORK/Triplevel_transformer_model/baselines/hyperparameter_search/experiment_de_data2/train_de_4a6f60f0_145_batch_size=1.8490,epochs=500,hidden_size=99.5562,lr=0.0688,num_features=1,num_layers=9.3359,num_models=5,pat_2023-11-30_20-07-53"
147,,inf,2625.261231,FALSE,1,03d22f84,2023-11-30_21-14-16,1701400456,2625.261231,112363,Slade-173477,10.2.219.10,2625.261231,1,2.371150366,500,186.4890711,0.087100926,1,3.551796612,5,26.17045189,"/home/sgupta/WORK/Triplevel_transformer_model/baselines/hyperparameter_search/experiment_de_data2/train_de_03d22f84_148_batch_size=2.3712,epochs=500,hidden_size=186.4891,lr=0.0871,num_features=1,num_layers=3.5518,num_models=5,pa_2023-11-30_20-27-10"
148,,inf,4091.02307,FALSE,1,cdc6ce6c,2023-11-30_21-42-00,1701402120,4091.02307,108823,Slade-173477,10.2.219.10,4091.02307,1,1.586101889,500,99.00484187,0.056729099,1,9.455947482,5,13.34479518,"/home/sgupta/WORK/Triplevel_transformer_model/baselines/hyperparameter_search/experiment_de_data2/train_de_cdc6ce6c_149_batch_size=1.5861,epochs=500,hidden_size=99.0048,lr=0.0567,num_features=1,num_layers=9.4559,num_models=5,pat_2023-11-30_20-30-31"
149,,inf,5229.691011,FALSE,1,9b01bce3,2023-11-30_22-01-18,1701403278,5229.691011,108876,Slade-173477,10.2.219.10,5229.691011,1,2.971978358,500,150.1372441,0.075727295,1,6.352547352,5,45.75303363,"/home/sgupta/WORK/Triplevel_transformer_model/baselines/hyperparameter_search/experiment_de_data2/train_de_9b01bce3_150_batch_size=2.9720,epochs=500,hidden_size=150.1372,lr=0.0757,num_features=1,num_layers=6.3525,num_models=5,pa_2023-11-30_20-33-50"
161,,inf,3707.880372,FALSE,1,2cfca5a4,2023-11-30_22-19-51,1701404391,3707.880372,112701,Slade-173477,10.2.219.10,3707.880372,1,1.009710282,500,99.28709885,0.062959076,1,9.592112296,5,13.42092373,"/home/sgupta/WORK/Triplevel_transformer_model/baselines/hyperparameter_search/experiment_de_data2/train_de_2cfca5a4_162_batch_size=1.0097,epochs=500,hidden_size=99.2871,lr=0.0630,num_features=1,num_layers=9.5921,num_models=5,pat_2023-11-30_21-16-09"
170,,inf,245.5897443,FALSE,1,fe8a9846,2023-11-30_21-50-50,1701402650,245.5897443,112363,Slade-173477,10.2.219.10,245.5897443,1,1.700148675,500,162.9816145,0.053076865,1,6.632568053,5,1.863209236,"/home/sgupta/WORK/Triplevel_transformer_model/baselines/hyperparameter_search/experiment_de_data2/train_de_fe8a9846_171_batch_size=1.7001,epochs=500,hidden_size=162.9816,lr=0.0531,num_features=1,num_layers=6.6326,num_models=5,pa_2023-11-30_21-42-01"
174,,inf,3209.809116,FALSE,1,f3a7393d,2023-11-30_22-49-47,1701406187,3209.809116,106706,Slade-173477,10.2.219.10,3209.809116,1,1.228816192,500,99.02875452,0.086674937,1,9.493642322,5,13.86077827,"/home/sgupta/WORK/Triplevel_transformer_model/baselines/hyperparameter_search/experiment_de_data2/train_de_f3a7393d_175_batch_size=1.2288,epochs=500,hidden_size=99.0288,lr=0.0867,num_features=1,num_layers=9.4936,num_models=5,pat_2023-11-30_21-50-55"
176,,inf,2926.161221,FALSE,1,50d5acde,2023-11-30_22-48-21,1701406101,2926.161221,106759,Slade-173477,10.2.219.10,2926.161221,1,1.280524808,500,99.22631221,0.072384506,1,9.621054501,5,12.47733864,"/home/sgupta/WORK/Triplevel_transformer_model/baselines/hyperparameter_search/experiment_de_data2/train_de_50d5acde_177_batch_size=1.2805,epochs=500,hidden_size=99.2263,lr=0.0724,num_features=1,num_layers=9.6211,num_models=5,pat_2023-11-30_21-56-35"
178,,inf,4950.763371,FALSE,1,717202f7,2023-11-30_23-30-26,1701408626,4950.763371,107379,Slade-173477,10.2.219.10,4950.763371,1,2.614298809,500,169.9705782,0.086450631,1,7.648886768,5,49.46519144,"/home/sgupta/WORK/Triplevel_transformer_model/baselines/hyperparameter_search/experiment_de_data2/train_de_717202f7_179_batch_size=2.6143,epochs=500,hidden_size=169.9706,lr=0.0865,num_features=1,num_layers=7.6489,num_models=5,pa_2023-11-30_22-01-18"
181,,inf,3383.740086,FALSE,1,71897c8e,2023-11-30_23-11-28,1701407488,3383.740086,112601,Slade-173477,10.2.219.10,3383.740086,1,2.246236571,500,193.8651096,0.060955425,1,5.205095436,5,35.4487765,"/home/sgupta/WORK/Triplevel_transformer_model/baselines/hyperparameter_search/experiment_de_data2/train_de_71897c8e_182_batch_size=2.2462,epochs=500,hidden_size=193.8651,lr=0.0610,num_features=1,num_layers=5.2051,num_models=5,pa_2023-11-30_22-14-39"
183,,inf,1682.10173,FALSE,1,5bf032c5,2023-11-30_22-47-22,1701406042,1682.10173,111214,Slade-173477,10.2.219.10,1682.10173,1,1.083900717,500,161.4813143,0.060433893,1,2.032801342,5,12.19610896,"/home/sgupta/WORK/Triplevel_transformer_model/baselines/hyperparameter_search/experiment_de_data2/train_de_5bf032c5_184_batch_size=1.0839,epochs=500,hidden_size=161.4813,lr=0.0604,num_features=1,num_layers=2.0328,num_models=5,pa_2023-11-30_22-17-29"
198,,inf,5679.717535,FALSE,1,974b99e3,2023-12-01_00-14-49,1701411289,5679.717535,111111,Slade-173477,10.2.219.10,5679.717535,1,1.516020579,500,180.2853044,0.060371467,1,9.855616011,5,41.81000128,"/home/sgupta/WORK/Triplevel_transformer_model/baselines/hyperparameter_search/experiment_de_data2/train_de_974b99e3_199_batch_size=1.5160,epochs=500,hidden_size=180.2853,lr=0.0604,num_features=1,num_layers=9.8556,num_models=5,pa_2023-11-30_22-38-45"
199,,inf,3672.364556,FALSE,1,78ac765a,2023-11-30_23-48-35,1701409715,3672.364556,111214,Slade-173477,10.2.219.10,3672.364556,1,1.229113398,500,134.9654952,0.049925036,1,9.545459211,5,23.18460871,"/home/sgupta/WORK/Triplevel_transformer_model/baselines/hyperparameter_search/experiment_de_data2/train_de_78ac765a_200_batch_size=1.2291,epochs=500,hidden_size=134.9655,lr=0.0499,num_features=1,num_layers=9.5455,num_models=5,pa_2023-11-30_22-40-09"
